TICKER;PER;DATE;TIME;OPEN;HIGH;LOW;CLOSE;VOL
GAZP;D;20161111;0;147.5000000;149.5000000;145.7900000;147.8800000;45394160
GAZP;D;20161114;0;148.5700000;149.6700000;145.9600000;146.2600000;31632780
GAZP;D;20161115;0;146.5400000;148.0000000;145.6000000;145.9000000;23657610
GAZP;D;20161116;0;147.0300000;148.8000000;145.1400000;145.5000000;40872880
GAZP;D;20161117;0;145.8200000;147.7800000;145.3200000;147.7000000;28322110
GAZP;D;20161118;0;147.5100000;148.2900000;146.7400000;146.9600000;14636600
GAZP;D;20161121;0;147.6000000;149.8500000;147.6000000;149.6000000;26156510
GAZP;D;20161122;0;150.2100000;150.8300000;149.0600000;150.0000000;26476350
GAZP;D;20161123;0;150.2400000;150.3800000;148.5600000;149.4900000;19319250
GAZP;D;20161124;0;149.5300000;152.2500000;149.3500000;151.1100000;26207750
GAZP;D;20161125;0;150.9400000;151.6000000;149.5000000;151.3100000;17894050
GAZP;D;20161128;0;151.1400000;151.4800000;148.3900000;148.9400000;24390930
GAZP;D;20161129;0;148.8400000;149.4900000;147.3400000;147.7500000;21135180
GAZP;D;20161130;0;147.9900000;151.1200000;147.6000000;148.8000000;44322650
GAZP;D;20161201;0;149.5900000;153.7000000;149.5500000;152.8100000;57446800
GAZP;D;20161202;0;152.8000000;153.6400000;151.8000000;152.3500000;27070280
GAZP;D;20161205;0;152.1800000;153.9900000;152.0900000;153.7800000;35063240
GAZP;D;20161206;0;153.9200000;154.5500000;151.2700000;151.5000000;35477340
GAZP;D;20161207;0;151.5600000;152.6100000;150.9200000;151.9500000;23401680
GAZP;D;20161208;0;152.4800000;153.7000000;151.8900000;153.0500000;31360460
GAZP;D;20161209;0;153.5000000;153.8300000;152.1800000;152.9900000;26721530
GAZP;D;20161212;0;154.1800000;159.8200000;154.0300000;158.6300000;83754390
GAZP;D;20161213;0;158.3500000;159.2000000;157.7200000;158.9500000;43170440
GAZP;D;20161214;0;159.0100000;160.6200000;155.3000000;157.2000000;45516290
GAZP;D;20161215;0;155.7700000;158.3000000;155.7700000;158.2500000;52342400
GAZP;D;20161216;0;158.4800000;158.8800000;156.2000000;156.2000000;31667140
GAZP;D;20161219;0;157.1400000;157.7500000;154.6000000;154.6000000;17549250
GAZP;D;20161220;0;154.5500000;155.9500000;153.7600000;155.3000000;27856890
GAZP;D;20161221;0;155.4300000;156.7300000;153.0100000;153.0600000;22587980
GAZP;D;20161222;0;153.2100000;153.3400000;149.7200000;150.2700000;29725390
GAZP;D;20161223;0;150.2800000;151.1900000;147.2200000;149.0500000;24962550
GAZP;D;20161226;0;149.0000000;149.8600000;148.8000000;148.9500000;7009350
GAZP;D;20161227;0;149.0500000;151.0300000;149.0500000;150.3800000;9642840
GAZP;D;20161228;0;150.6000000;152.6000000;149.6000000;151.0000000;17016680
GAZP;D;20161229;0;150.7200000;153.2900000;149.9000000;152.6200000;14803850
GAZP;D;20161230;0;152.6400000;154.5500000;152.6000000;154.5500000;15709020
GAZP;D;20170103;0;154.4600000;158.2000000;154.1200000;157.7000000;24739730
GAZP;D;20170104;0;156.9900000;157.4400000;155.7600000;157.4400000;15488900
GAZP;D;20170105;0;157.2400000;158.7000000;153.1700000;154.0000000;25440490
GAZP;D;20170106;0;154.1200000;154.4700000;152.0500000;154.1000000;12306060
GAZP;D;20170109;0;154.2000000;155.5000000;153.3000000;154.4000000;12914820
GAZP;D;20170110;0;154.0100000;158.0200000;154.0000000;157.9700000;26095400
GAZP;D;20170111;0;157.5100000;158.5000000;155.8100000;157.0100000;20651880
GAZP;D;20170112;0;158.3000000;158.4800000;155.5300000;157.2500000;24015080
GAZP;D;20170113;0;157.4800000;158.3000000;155.7700000;157.9500000;23314640
GAZP;D;20170116;0;157.9800000;158.2000000;155.5800000;155.8100000;16946090
GAZP;D;20170117;0;155.8100000;156.5000000;153.0100000;153.6500000;25891620
GAZP;D;20170118;0;154.2000000;154.5900000;152.6500000;152.8600000;16206860
GAZP;D;20170119;0;153.3000000;153.5600000;148.2300000;150.8500000;41950940
GAZP;D;20170120;0;150.8100000;151.2000000;147.7000000;149.7000000;33215450
GAZP;D;20170123;0;149.8500000;149.8500000;147.1000000;148.1000000;22477970
GAZP;D;20170124;0;148.2500000;150.5000000;148.2500000;150.1500000;22349450
GAZP;D;20170125;0;150.2800000;150.8700000;147.1500000;147.6500000;30598170
GAZP;D;20170126;0;147.7100000;151.2800000;147.1600000;150.4900000;26458480
GAZP;D;20170127;0;150.3300000;154.5300000;149.9100000;154.0900000;37163920
GAZP;D;20170130;0;153.6800000;153.9000000;150.3500000;150.8000000;21526460
GAZP;D;20170131;0;150.5900000;151.4200000;149.1500000;149.8000000;28259280
GAZP;D;20170201;0;150.0500000;150.3800000;148.3200000;149.6500000;20765250
GAZP;D;20170202;0;149.8200000;150.4500000;148.1500000;148.8000000;20492720
GAZP;D;20170203;0;148.8500000;150.2000000;148.3700000;149.3500000;20814340
GAZP;D;20170206;0;149.3800000;149.7000000;147.6300000;148.5000000;22086970
GAZP;D;20170207;0;148.3000000;148.7000000;147.6000000;148.7000000;13840720
GAZP;D;20170208;0;148.2200000;148.2200000;143.9000000;145.2000000;64427740
GAZP;D;20170209;0;145.3400000;145.6000000;141.5700000;142.1100000;52175480
GAZP;D;20170210;0;142.6700000;143.1400000;140.5000000;140.5000000;41104060
GAZP;D;20170213;0;141.1100000;142.6700000;140.0200000;141.2000000;25967100
GAZP;D;20170214;0;141.2700000;141.4900000;139.8500000;140.6200000;20220020
GAZP;D;20170215;0;140.4500000;141.5000000;138.9200000;139.7200000;36920930
GAZP;D;20170216;0;139.9300000;140.3000000;138.0100000;139.1600000;33168350
GAZP;D;20170217;0;139.2600000;139.4200000;137.2300000;138.1200000;32101640
GAZP;D;20170220;0;138.5900000;140.1300000;137.4000000;138.5000000;24702920
GAZP;D;20170221;0;138.6000000;139.6000000;138.0000000;138.3500000;21680250
GAZP;D;20170222;0;138.6300000;138.7800000;136.0500000;136.6800000;27399460
GAZP;D;20170224;0;136.5100000;137.2000000;135.6000000;136.7500000;17160200
GAZP;D;20170227;0;137.1500000;137.4800000;135.0700000;135.0700000;24033800
GAZP;D;20170228;0;135.7000000;135.8900000;132.0000000;134.0000000;98572140
GAZP;D;20170301;0;133.4500000;134.9900000;133.0000000;133.8500000;38089190
GAZP;D;20170302;0;134.0500000;135.1000000;131.3000000;131.3000000;42646250
GAZP;D;20170303;0;131.1500000;134.9000000;130.6400000;134.8000000;39932510
GAZP;D;20170306;0;134.8400000;135.9700000;134.3200000;134.6000000;28037340
GAZP;D;20170307;0;135.1300000;135.1300000;131.9000000;132.8900000;28851710
GAZP;D;20170309;0;132.0500000;133.2600000;128.8100000;129.0000000;53078370
GAZP;D;20170310;0;129.2500000;130.8800000;127.8000000;128.7800000;33482710
GAZP;D;20170313;0;128.7000000;130.5500000;127.8200000;129.9300000;34286840
GAZP;D;20170314;0;130.0200000;131.3400000;128.3200000;128.8000000;39437470
GAZP;D;20170315;0;129.2300000;129.6900000;127.2000000;127.6000000;30974550
GAZP;D;20170316;0;128.4200000;129.3000000;127.6100000;128.0500000;51272510
GAZP;D;20170317;0;128.1300000;130.4200000;128.0100000;128.9400000;42848850
GAZP;D;20170320;0;129.3400000;130.1300000;128.0200000;128.7900000;30291150
GAZP;D;20170321;0;129.0200000;130.4200000;128.5100000;129.3000000;37858520
GAZP;D;20170322;0;129.0700000;131.6500000;128.9000000;131.6500000;36178550
GAZP;D;20170323;0;131.7900000;132.9400000;130.2200000;130.9900000;39340300
GAZP;D;20170324;0;130.7700000;131.4800000;129.7200000;130.0500000;20544290
GAZP;D;20170327;0;129.4500000;129.4700000;127.4100000;128.8000000;28915460
GAZP;D;20170328;0;129.0000000;129.6000000;128.1000000;129.2000000;23646730
GAZP;D;20170329;0;129.1300000;129.7800000;128.5500000;128.8100000;15784750
GAZP;D;20170330;0;129.1500000;129.9900000;128.2000000;128.4900000;28682860
GAZP;D;20170331;0;128.4900000;128.6400000;126.8000000;127.9000000;29052680
GAZP;D;20170403;0;128.0900000;128.5000000;127.0200000;127.2100000;19832730
GAZP;D;20170404;0;127.5500000;128.9000000;126.8000000;128.8100000;26293950
GAZP;D;20170405;0;128.8800000;131.2500000;128.8200000;130.6900000;34434130
GAZP;D;20170406;0;130.1800000;130.9300000;129.5500000;130.5000000;23581140
GAZP;D;20170407;0;129.7000000;129.8900000;127.8400000;128.7200000;27362790
GAZP;D;20170410;0;128.1000000;128.4000000;125.8100000;126.1600000;29799810
GAZP;D;20170411;0;125.9700000;127.6900000;125.5000000;126.0000000;32626680
GAZP;D;20170412;0;127.0600000;127.4500000;124.6200000;125.0500000;28702040
GAZP;D;20170413;0;125.6500000;125.9500000;123.5000000;124.5400000;42139090
GAZP;D;20170414;0;124.2700000;124.3700000;122.6300000;122.8500000;14689130
GAZP;D;20170417;0;123.0100000;124.0300000;122.2500000;123.7000000;21595230
GAZP;D;20170418;0;124.0900000;124.3900000;122.0300000;122.2200000;22081750
GAZP;D;20170419;0;122.3600000;123.1500000;121.2500000;121.5500000;28911230
GAZP;D;20170420;0;121.3000000;121.9900000;120.5500000;121.9900000;32955940
GAZP;D;20170421;0;122.1500000;123.6400000;122.1300000;123.0000000;29465300
GAZP;D;20170424;0;123.5600000;128.4000000;123.3800000;128.0000000;66751830
GAZP;D;20170425;0;128.5000000;131.7500000;127.9800000;130.2000000;57382670
GAZP;D;20170426;0;130.1900000;134.0000000;130.0100000;133.4300000;57635150
GAZP;D;20170427;0;133.3700000;136.6000000;132.2200000;133.4100000;99542840
GAZP;D;20170428;0;136.0000000;137.7700000;135.0500000;136.7500000;52186090
GAZP;D;20170502;0;137.2500000;138.4300000;136.2800000;136.5200000;33809990
GAZP;D;20170503;0;136.4500000;138.0900000;135.1000000;135.8100000;33129650
GAZP;D;20170504;0;135.8900000;136.4100000;134.3000000;134.9300000;31945660
GAZP;D;20170505;0;133.7000000;134.9400000;132.9100000;134.4100000;26216280
GAZP;D;20170510;0;134.9800000;135.4300000;133.5100000;134.1900000;23714000
GAZP;D;20170511;0;134.5700000;134.7500000;130.3700000;131.1000000;36600410
GAZP;D;20170512;0;131.4100000;132.5000000;130.2000000;132.5000000;23886540
GAZP;D;20170515;0;132.7900000;133.9200000;129.2800000;131.5000000;46356520
GAZP;D;20170516;0;131.4100000;133.0700000;130.2700000;131.1300000;22519330
GAZP;D;20170517;0;130.9700000;132.1800000;130.6000000;132.0700000;17611290
GAZP;D;20170518;0;131.3700000;132.8400000;125.8500000;126.9000000;80113110
GAZP;D;20170519;0;127.3000000;127.4000000;124.0000000;124.1900000;57664570
GAZP;D;20170522;0;124.4900000;124.4900000;122.1700000;122.5200000;39193160
GAZP;D;20170523;0;122.5800000;123.7100000;121.9600000;123.2300000;34369260
GAZP;D;20170524;0;123.3000000;123.6700000;120.9200000;122.0000000;32248550
GAZP;D;20170525;0;122.3200000;122.4700000;120.7500000;121.6100000;24546840
GAZP;D;20170526;0;121.4000000;122.2000000;120.5400000;122.2000000;22646890
GAZP;D;20170529;0;122.4100000;123.8300000;122.1100000;123.1100000;24470000
GAZP;D;20170530;0;122.7200000;122.9100000;121.7900000;122.1000000;16057320
GAZP;D;20170531;0;122.2500000;122.7800000;119.4000000;120.2800000;55389010
GAZP;D;20170601;0;120.2900000;120.9800000;117.2400000;118.0000000;48558490
GAZP;D;20170602;0;117.8000000;119.6900000;116.5500000;119.6900000;38260450
GAZP;D;20170605;0;119.5900000;120.9900000;118.5500000;119.0000000;24767790
GAZP;D;20170606;0;119.0900000;120.2400000;118.6600000;119.0500000;18193840
GAZP;D;20170607;0;119.3300000;121.4400000;118.8500000;118.9200000;27870030
GAZP;D;20170608;0;119.1900000;120.1100000;117.8200000;119.3000000;27514310
GAZP;D;20170609;0;119.3200000;120.5000000;118.9500000;120.5000000;21294170
GAZP;D;20170613;0;120.2900000;120.3800000;118.1500000;118.1500000;31058980
GAZP;D;20170614;0;118.2600000;118.5400000;115.1000000;115.3500000;47003760
GAZP;D;20170615;0;115.2500000;115.7500000;111.4600000;115.4900000;120644420
GAZP;D;20170616;0;115.8100000;117.2500000;114.6000000;116.0200000;40336010
GAZP;D;20170619;0;116.0000000;117.4500000;115.7900000;117.3300000;21749140
GAZP;D;20170620;0;117.5100000;119.0000000;116.5600000;117.4400000;29930700
GAZP;D;20170621;0;117.5000000;118.3200000;116.8400000;117.9700000;23560060
GAZP;D;20170622;0;117.7800000;119.7800000;116.8600000;119.5500000;31513190
GAZP;D;20170623;0;119.5200000;120.0900000;118.6600000;119.1000000;23303360
GAZP;D;20170626;0;119.5000000;119.9700000;118.2600000;118.6700000;18274640
GAZP;D;20170627;0;118.4000000;119.7500000;118.0200000;119.3500000;18365790
GAZP;D;20170628;0;118.7200000;119.7000000;118.1900000;119.7000000;21106940
GAZP;D;20170629;0;120.1800000;120.8800000;118.8000000;119.1600000;26435690
GAZP;D;20170630;0;118.9500000;120.2200000;118.1800000;118.4900000;22432000
GAZP;D;20170703;0;119.1700000;119.9300000;118.7500000;119.8600000;18087840
GAZP;D;20170704;0;120.0000000;123.2900000;119.7200000;122.7300000;37693640
GAZP;D;20170705;0;122.9500000;123.7500000;122.3200000;122.7000000;26052360
GAZP;D;20170706;0;122.8200000;123.6500000;121.4400000;122.6800000;25151140
GAZP;D;20170707;0;122.1900000;123.0000000;121.4000000;123.0000000;24725120
GAZP;D;20170710;0;123.2600000;124.6200000;123.0300000;124.2500000;27166510
GAZP;D;20170711;0;124.3800000;124.9400000;123.8500000;124.7800000;20642420
GAZP;D;20170712;0;125.0100000;125.3000000;124.1900000;124.8700000;22701550
GAZP;D;20170713;0;124.7900000;125.8900000;124.6600000;125.5500000;29387490
GAZP;D;20170714;0;125.6700000;126.3500000;125.0000000;125.0000000;21555180
GAZP;D;20170717;0;125.3900000;125.7000000;124.3000000;125.1400000;23810200
GAZP;D;20170718;0;125.0900000;125.7500000;124.4900000;124.4900000;39544710
GAZP;D;20170719;0;118.4400000;120.1100000;118.1100000;120.1100000;42498820
GAZP;D;20170720;0;120.2900000;121.2700000;119.8100000;120.6000000;21786790
GAZP;D;20170721;0;120.2100000;120.2600000;118.6500000;118.9500000;20841430
GAZP;D;20170724;0;118.5400000;119.4000000;117.9200000;119.1700000;22726670
GAZP;D;20170725;0;119.1600000;119.7000000;117.6700000;118.4000000;23673000
GAZP;D;20170726;0;118.3500000;119.1200000;118.2500000;119.0000000;22310500
GAZP;D;20170727;0;119.1200000;119.3500000;117.8300000;118.6800000;25737570
GAZP;D;20170728;0;118.1600000;118.1800000;115.4100000;116.9000000;34566970
GAZP;D;20170731;0;116.7100000;118.1800000;115.0800000;116.1000000;40277050
GAZP;D;20170801;0;116.8300000;118.6500000;116.8200000;117.9900000;28881020
GAZP;D;20170802;0;118.0000000;119.0900000;117.9000000;119.0900000;20782720
GAZP;D;20170803;0;119.1300000;119.9900000;118.8500000;119.5800000;22369700
GAZP;D;20170804;0;119.3400000;119.8800000;118.6800000;119.4500000;17244330
GAZP;D;20170807;0;119.3200000;120.3800000;118.9000000;119.5000000;21791100
GAZP;D;20170808;0;119.4700000;119.8900000;119.2500000;119.6700000;14891840
GAZP;D;20170809;0;119.3900000;119.4600000;118.0200000;118.6800000;20245120
GAZP;D;20170810;0;118.7100000;119.4000000;118.0300000;118.0500000;18090560
GAZP;D;20170811;0;117.5600000;117.8500000;116.3400000;116.9300000;24804530
GAZP;D;20170814;0;117.1800000;117.9900000;117.1500000;117.4000000;13554100
GAZP;D;20170815;0;117.1200000;117.7000000;116.5100000;117.5900000;16686400
GAZP;D;20170816;0;117.8000000;117.8700000;116.6300000;116.7500000;19124720
GAZP;D;20170817;0;116.7200000;116.9500000;115.9200000;116.2200000;16600490
GAZP;D;20170818;0;115.8500000;116.0900000;115.1500000;116.0000000;22256230
GAZP;D;20170821;0;116.1000000;116.4700000;115.3900000;115.9200000;16461430
GAZP;D;20170822;0;115.9900000;116.7300000;115.6800000;116.0000000;16010450
GAZP;D;20170823;0;116.0900000;116.2700000;115.0700000;115.7500000;22758830
GAZP;D;20170824;0;115.7700000;116.8900000;115.4200000;116.5600000;18564950
GAZP;D;20170825;0;116.8200000;118.0000000;116.5600000;117.8500000;21083020
GAZP;D;20170828;0;117.7900000;118.7500000;117.5400000;118.7500000;16187340
GAZP;D;20170829;0;118.5000000;118.6300000;116.5000000;118.3000000;27588290
GAZP;D;20170830;0;118.4000000;118.9000000;116.8800000;118.2000000;31962280
GAZP;D;20170831;0;117.9500000;119.2100000;117.3500000;117.9700000;41020210
GAZP;D;20170901;0;118.0200000;118.2600000;117.0400000;117.4000000;22690580
GAZP;D;20170904;0;117.0300000;117.6500000;116.5600000;117.0000000;15938500
GAZP;D;20170905;0;117.5500000;117.8900000;115.9000000;116.0000000;26541020
GAZP;D;20170906;0;116.0000000;117.5800000;115.6600000;117.1400000;24387110
GAZP;D;20170907;0;117.6100000;119.0300000;117.3800000;117.9500000;37059350
GAZP;D;20170908;0;118.2000000;120.4500000;118.1600000;120.3400000;41825350
GAZP;D;20170911;0;120.8100000;121.9400000;119.6300000;121.0000000;40230290
GAZP;D;20170912;0;121.2200000;122.0000000;120.1600000;121.9900000;27228360
GAZP;D;20170913;0;121.9900000;124.3800000;121.9900000;123.5500000;51210280
GAZP;D;20170914;0;123.5700000;124.1900000;122.7900000;123.3300000;29452320
GAZP;D;20170915;0;122.8900000;123.0000000;121.5900000;122.5000000;41826920
GAZP;D;20170918;0;122.5000000;123.3500000;122.0700000;122.7200000;26878140
GAZP;D;20170919;0;122.7200000;122.8000000;121.0500000;121.7500000;32095850
GAZP;D;20170920;0;121.8800000;122.4300000;121.5200000;122.2500000;25978430
GAZP;D;20170921;0;122.1100000;123.2000000;121.6100000;122.3400000;35204520
GAZP;D;20170922;0;122.3600000;122.4600000;121.3000000;121.9500000;19164830
GAZP;D;20170925;0;121.9800000;123.6000000;121.9000000;123.0300000;28206840
GAZP;D;20170926;0;123.2700000;124.1900000;122.8400000;123.0300000;25695940
GAZP;D;20170927;0;123.1800000;123.6800000;122.4600000;123.3600000;22485510
GAZP;D;20170928;0;123.2800000;123.6200000;122.1100000;122.5000000;22610060
GAZP;D;20170929;0;122.5000000;122.8100000;121.7000000;122.2000000;17182380
GAZP;D;20171002;0;122.2900000;122.4400000;121.4000000;121.9000000;14198990
GAZP;D;20171003;0;121.8100000;122.1100000;120.4700000;120.7800000;26873740
GAZP;D;20171004;0;120.6800000;121.9500000;119.7000000;121.7600000;24254160
GAZP;D;20171005;0;121.7900000;123.9700000;121.5100000;123.5000000;39979330
GAZP;D;20171006;0;123.5400000;124.4800000;123.2700000;123.4700000;30270700
GAZP;D;20171009;0;123.7000000;124.9000000;123.4100000;124.8100000;22035180
GAZP;D;20171010;0;125.0000000;125.3300000;124.1700000;124.4400000;20064040
GAZP;D;20171011;0;124.5400000;126.0000000;124.3800000;126.0000000;30323720
GAZP;D;20171012;0;126.0400000;126.7900000;125.4500000;125.9300000;18051060
GAZP;D;20171013;0;126.0000000;127.3900000;125.8000000;126.8600000;23707840
GAZP;D;20171016;0;127.1100000;127.8000000;126.6800000;127.1700000;23771970
GAZP;D;20171017;0;127.0500000;127.2000000;125.0500000;125.1500000;28299320
GAZP;D;20171018;0;125.4400000;127.0900000;125.2600000;126.7000000;29571630
GAZP;D;20171019;0;126.7800000;127.3900000;125.1700000;125.5000000;22518290
GAZP;D;20171020;0;125.8100000;127.0500000;125.6000000;126.7000000;21042270
GAZP;D;20171023;0;127.0600000;127.4700000;126.3700000;126.8000000;17286880
GAZP;D;20171024;0;126.8900000;126.9700000;125.6100000;126.0200000;20349440
GAZP;D;20171025;0;126.5500000;126.7500000;124.2800000;125.0000000;24125900
GAZP;D;20171026;0;124.9900000;125.3900000;124.0700000;124.2000000;14719810
GAZP;D;20171027;0;124.5700000;125.9400000;123.6400000;125.9400000;28566500
GAZP;D;20171030;0;125.9600000;126.9300000;125.5300000;125.9800000;19229280
GAZP;D;20171031;0;126.1200000;126.6000000;125.5700000;125.9000000;11847690
GAZP;D;20171101;0;126.3400000;126.8900000;125.9700000;126.5000000;18167600
GAZP;D;20171102;0;125.8800000;126.0000000;124.8700000;125.6700000;15528250
GAZP;D;20171103;0;125.7100000;126.8400000;125.7100000;125.9000000;22607180
GAZP;D;20171107;0;127.0600000;132.5500000;127.0500000;132.2800000;82128530
GAZP;D;20171108;0;132.1000000;133.9400000;131.5800000;132.3000000;39337670
GAZP;D;20171109;0;132.3100000;132.8200000;131.1400000;131.5000000;33846240
GAZP;D;20171110;0;131.0500000;133.8400000;130.5100000;132.5000000;47096990
GAZP;D;20171113;0;132.6400000;134.1800000;131.7100000;133.3200000;29445370
GAZP;D;20171114;0;133.0700000;134.2800000;132.3500000;132.9300000;42176770
GAZP;D;20171115;0;132.0100000;132.7900000;131.2100000;131.2100000;23233500
GAZP;D;20171116;0;131.7900000;132.7000000;127.7400000;129.2000000;42097040
GAZP;D;20171117;0;129.6500000;130.8700000;129.0600000;129.6500000;18113220
GAZP;D;20171120;0;129.8000000;130.4900000;128.6300000;129.9600000;15642930
GAZP;D;20171121;0;130.4500000;133.0500000;130.3500000;132.4900000;35516950
GAZP;D;20171122;0;133.0100000;133.6500000;132.2000000;132.5700000;25079290
GAZP;D;20171123;0;132.5000000;133.1000000;131.3000000;131.6000000;29101330
GAZP;D;20171124;0;131.5600000;134.1900000;131.3100000;133.5700000;29025290
GAZP;D;20171127;0;133.6100000;135.1900000;132.8000000;133.5000000;27676810
GAZP;D;20171128;0;133.2900000;135.1800000;132.5500000;135.1800000;26653360
GAZP;D;20171129;0;134.8600000;134.8600000;132.9700000;133.5500000;27221990
GAZP;D;20171130;0;133.0000000;134.3100000;132.0000000;132.1500000;39953360
GAZP;D;20171201;0;132.4700000;133.3200000;131.7200000;133.0200000;24739380
GAZP;D;20171204;0;133.0100000;134.0000000;131.9300000;133.7700000;17805030
GAZP;D;20171205;0;133.4700000;133.9900000;132.7800000;133.6500000;12681030
GAZP;D;20171206;0;133.3200000;134.2900000;132.9100000;134.0000000;14625230
GAZP;D;20171207;0;133.6600000;133.8700000;132.8100000;133.0200000;18187870
GAZP;D;20171208;0;133.4200000;133.9000000;132.0000000;132.6000000;16027170
GAZP;D;20171211;0;132.3500000;134.6500000;132.3500000;134.6500000;22727400
GAZP;D;20171212;0;134.6900000;135.6000000;133.6500000;135.5000000;25137070
GAZP;D;20171213;0;135.1800000;136.4200000;134.6000000;135.5600000;23251380
GAZP;D;20171214;0;135.4200000;136.2000000;134.9000000;135.9100000;22537690
GAZP;D;20171215;0;135.7200000;136.1600000;135.0000000;135.5000000;25066350
GAZP;D;20171218;0;135.6400000;136.3500000;132.9400000;134.2500000;31018990
GAZP;D;20171219;0;134.1300000;134.7400000;133.5000000;133.9600000;16458270
GAZP;D;20171220;0;133.9600000;134.3300000;132.3500000;132.5000000;23877480
GAZP;D;20171221;0;133.0000000;133.4700000;130.2000000;131.7000000;39251410
GAZP;D;20171222;0;132.1500000;133.4800000;131.0500000;132.4200000;16550650
GAZP;D;20171225;0;132.7200000;133.1900000;131.8000000;131.9600000;5658690
GAZP;D;20171226;0;132.2300000;132.4400000;129.6200000;131.2000000;12765160
GAZP;D;20171227;0;131.2900000;132.2300000;130.4500000;130.9900000;15957460
GAZP;D;20171228;0;130.8800000;131.2000000;129.8100000;130.5300000;16271890
GAZP;D;20171229;0;130.4200000;130.9300000;128.8600000;130.5000000;16285270
GAZP;D;20180103;0;131.0300000;132.2000000;130.6300000;132.2000000;10522070
GAZP;D;20180104;0;132.5000000;136.2000000;132.3000000;135.8900000;32092300
GAZP;D;20180105;0;135.8000000;137.1200000;135.0800000;137.1200000;19965100
GAZP;D;20180109;0;138.0000000;141.3500000;137.6000000;140.0000000;52204990
GAZP;D;20180110;0;140.4900000;143.4300000;139.5800000;143.4300000;51756440
GAZP;D;20180111;0;143.2300000;144.8000000;142.3100000;144.5800000;38571480
GAZP;D;20180112;0;144.2100000;144.5400000;141.6400000;143.9900000;36760620
GAZP;D;20180115;0;144.3300000;145.5000000;142.6000000;142.9900000;30037050
GAZP;D;20180116;0;143.1600000;145.3500000;141.8900000;145.2900000;36982660
GAZP;D;20180117;0;144.5100000;149.2000000;143.3100000;148.7000000;64088350
GAZP;D;20180118;0;148.7900000;150.3500000;148.1300000;150.3500000;53857120
GAZP;D;20180119;0;149.9400000;151.0000000;148.4000000;149.1300000;38996740
GAZP;D;20180122;0;149.0900000;150.3000000;148.8500000;150.3000000;22745110
GAZP;D;20180123;0;150.8000000;151.6500000;147.7100000;148.8000000;35760870
GAZP;D;20180124;0;148.5100000;149.7000000;146.6000000;149.7000000;24826570
GAZP;D;20180125;0;150.0200000;151.3900000;149.2700000;149.8000000;41825580
GAZP;D;20180126;0;149.4000000;149.5500000;146.0100000;147.1900000;35266440
GAZP;D;20180129;0;146.7700000;147.2900000;144.1500000;144.7500000;36073370
GAZP;D;20180130;0;144.0000000;146.4300000;142.3700000;143.5000000;51240710
GAZP;D;20180131;0;142.9800000;144.5000000;141.8000000;143.3600000;44234770
GAZP;D;20180201;0;143.4300000;146.1700000;143.1300000;145.3900000;37413040
GAZP;D;20180202;0;145.6800000;146.7800000;142.8800000;144.0000000;39050390
GAZP;D;20180205;0;142.8700000;145.2000000;142.3000000;144.5300000;33048750
GAZP;D;20180206;0;141.7300000;142.8200000;140.4000000;141.5900000;51830950
GAZP;D;20180207;0;142.4500000;143.3900000;141.0000000;141.0000000;32853320
GAZP;D;20180208;0;140.4700000;140.8500000;137.1400000;137.2000000;42662580
GAZP;D;20180209;0;135.9900000;136.7000000;132.8000000;135.5600000;53098540
GAZP;D;20180212;0;136.8700000;138.1000000;136.0300000;137.3000000;29360450
GAZP;D;20180213;0;138.0000000;140.1000000;137.4500000;139.8500000;36398240
GAZP;D;20180214;0;140.0300000;140.5700000;137.0200000;138.8900000;34106600
GAZP;D;20180215;0;139.7900000;140.9900000;137.0600000;137.0600000;29054840
GAZP;D;20180216;0;137.8500000;139.4900000;136.7700000;137.0600000;24628330
GAZP;D;20180219;0;137.3600000;138.7000000;137.1300000;138.3100000;14431390
GAZP;D;20180220;0;138.7800000;144.2900000;138.7800000;141.3200000;62769320
GAZP;D;20180221;0;140.9000000;144.0000000;140.5300000;144.0000000;24886450
GAZP;D;20180222;0;143.4300000;145.9700000;142.6300000;145.9700000;29870140
GAZP;D;20180226;0;148.0700000;149.9800000;146.4200000;147.0000000;37150990
GAZP;D;20180227;0;147.2000000;147.4900000;144.8500000;146.5000000;24771080
GAZP;D;20180228;0;145.5000000;145.7500000;142.2500000;143.1600000;36217520
GAZP;D;20180301;0;141.0000000;142.0000000;139.3900000;140.1000000;47285230
GAZP;D;20180302;0;139.6300000;140.5900000;137.7700000;138.5700000;26799640
GAZP;D;20180305;0;138.8000000;141.8300000;138.5700000;141.6000000;23220830
GAZP;D;20180306;0;142.2500000;143.4900000;140.4700000;140.5900000;24358140
GAZP;D;20180307;0;139.9600000;139.9800000;137.3800000;138.5600000;28189860
GAZP;D;20180309;0;138.8000000;139.8100000;137.7900000;139.8100000;12080580
GAZP;D;20180312;0;140.4400000;141.9600000;140.1100000;141.3500000;16899310
GAZP;D;20180313;0;141.1000000;142.9300000;139.9500000;142.7500000;22899860
GAZP;D;20180314;0;141.8200000;141.9800000;138.8000000;138.8000000;31765180
GAZP;D;20180315;0;138.5800000;140.0600000;138.0000000;138.2500000;34232460
GAZP;D;20180316;0;138.6600000;141.0000000;137.1100000;141.0000000;42459720
GAZP;D;20180319;0;141.2000000;141.7700000;139.4300000;139.9100000;21582910
GAZP;D;20180320;0;140.2500000;142.7000000;139.3100000;142.4500000;25931850
GAZP;D;20180321;0;142.7000000;144.0000000;140.8400000;141.5100000;31141240
GAZP;D;20180322;0;141.7300000;142.0800000;139.2000000;139.5000000;20677700
GAZP;D;20180323;0;138.7800000;142.4900000;137.8200000;142.0000000;33554360
GAZP;D;20180326;0;142.0100000;142.0800000;138.2700000;138.2700000;27556030
GAZP;D;20180327;0;139.2300000;141.7000000;139.0100000;140.8000000;25427090
GAZP;D;20180328;0;140.0100000;141.6700000;139.1300000;140.4700000;21273130
GAZP;D;20180329;0;140.7100000;142.8000000;140.7100000;142.8000000;23762490
GAZP;D;20180330;0;143.0000000;143.3100000;142.0500000;142.3300000;8337160
GAZP;D;20180402;0;142.3900000;143.7000000;140.3200000;140.3200000;18501160
GAZP;D;20180403;0;140.3200000;141.3000000;139.7000000;141.1300000;13758480
GAZP;D;20180404;0;141.0200000;141.5200000;139.0200000;140.1800000;22247310
GAZP;D;20180405;0;140.6600000;141.3500000;139.8000000;140.5000000;20436610
GAZP;D;20180406;0;140.1300000;141.9700000;139.4500000;141.5000000;27346240
GAZP;D;20180409;0;140.9300000;141.2200000;128.1900000;135.0100000;91006200
GAZP;D;20180410;0;134.9500000;141.9700000;133.5000000;140.6200000;58453070
GAZP;D;20180411;0;141.0000000;146.2900000;140.7100000;145.2700000;62134680
GAZP;D;20180412;0;145.7100000;146.8900000;142.1300000;145.9900000;40706810
GAZP;D;20180413;0;146.0000000;146.7500000;142.0900000;142.5800000;26381420
GAZP;D;20180416;0;141.0300000;142.8300000;139.8700000;141.5000000;26630690
GAZP;D;20180417;0;142.4500000;143.1800000;140.6600000;142.4000000;26680260
GAZP;D;20180418;0;142.6700000;145.3100000;142.0400000;144.7500000;28080120
GAZP;D;20180419;0;145.2000000;145.7500000;142.5700000;143.4000000;20518720
GAZP;D;20180420;0;143.3000000;145.5000000;142.9000000;144.4000000;21147520
GAZP;D;20180423;0;144.3000000;144.4800000;142.0000000;143.9900000;32633930
GAZP;D;20180424;0;144.0000000;146.5200000;143.5200000;144.1400000;29007820
GAZP;D;20180425;0;143.5000000;143.8900000;141.4100000;142.7000000;23792050
GAZP;D;20180426;0;143.0100000;145.7500000;142.6000000;145.4800000;22254120
GAZP;D;20180427;0;145.8100000;146.0000000;143.7700000;144.5000000;19498970
GAZP;D;20180428;0;144.5000000;144.5000000;143.8300000;144.3000000;2256470
GAZP;D;20180430;0;144.3200000;147.2900000;143.7000000;145.9300000;15278690
GAZP;D;20180502;0;145.3300000;145.7700000;143.9600000;144.9400000;16008500
GAZP;D;20180503;0;144.6500000;146.1500000;142.7000000;142.7000000;23992750
GAZP;D;20180504;0;143.4000000;144.2000000;143.0900000;143.7300000;11726530
GAZP;D;20180507;0;144.5700000;145.1000000;143.4500000;144.0500000;9382400
GAZP;D;20180508;0;143.7800000;145.4800000;143.1600000;145.4800000;18282910
GAZP;D;20180510;0;145.9800000;147.1500000;145.5700000;146.3800000;24103610
GAZP;D;20180511;0;146.4800000;151.1000000;146.4700000;150.7000000;44778970
GAZP;D;20180514;0;151.2700000;151.2700000;148.0300000;150.9800000;27828900
GAZP;D;20180515;0;150.4800000;150.7000000;148.0000000;149.2000000;29085690
GAZP;D;20180516;0;148.6000000;150.7000000;148.1100000;148.5900000;43775810
GAZP;D;20180517;0;149.1500000;149.3600000;147.1500000;147.1500000;19160740
GAZP;D;20180518;0;147.2000000;147.8800000;145.1900000;145.6500000;21435990
GAZP;D;20180521;0;146.0000000;148.2000000;145.9000000;146.7600000;16198700
GAZP;D;20180522;0;146.9700000;147.6000000;146.4200000;146.5000000;13141580
GAZP;D;20180523;0;146.1800000;146.9400000;144.8800000;146.0600000;19430340
GAZP;D;20180524;0;146.3000000;147.1500000;144.9300000;145.2700000;20556400
GAZP;D;20180525;0;145.6300000;146.3000000;144.3600000;145.0900000;18117740
GAZP;D;20180528;0;145.4100000;145.7500000;144.7500000;145.0900000;6573030
GAZP;D;20180529;0;145.5800000;145.6100000;142.8800000;143.9000000;17528460
GAZP;D;20180530;0;144.0000000;144.8200000;142.5200000;143.2600000;21823420
GAZP;D;20180531;0;143.3000000;145.2100000;143.3000000;145.0000000;33892130
GAZP;D;20180601;0;144.5800000;145.5000000;143.5500000;144.0000000;17487300
GAZP;D;20180604;0;144.5300000;146.9000000;144.5100000;146.4400000;12800360
GAZP;D;20180605;0;146.5300000;146.5400000;145.2200000;146.0000000;12693440
GAZP;D;20180606;0;146.3500000;146.9000000;145.5300000;146.9000000;17153970
GAZP;D;20180607;0;147.1000000;147.5000000;146.0000000;146.0500000;12295670
GAZP;D;20180608;0;145.9600000;146.7500000;143.0500000;143.0500000;24404680
GAZP;D;20180609;0;143.3100000;144.1500000;143.3000000;144.0800000;1573550
GAZP;D;20180611;0;144.0300000;144.1800000;141.5600000;142.2800000;12697170
GAZP;D;20180613;0;142.5800000;142.7800000;140.6300000;141.0000000;23488110
GAZP;D;20180614;0;140.8800000;141.4400000;139.1400000;139.4000000;24957760
GAZP;D;20180615;0;139.7000000;140.8700000;137.6400000;137.7300000;42377140
GAZP;D;20180618;0;138.0800000;138.3000000;136.0000000;136.5200000;23017780
GAZP;D;20180619;0;136.0100000;136.2800000;132.8600000;135.5000000;36367180
GAZP;D;20180620;0;136.5000000;138.5000000;136.0000000;136.9100000;27041950
GAZP;D;20180621;0;136.6000000;137.9000000;134.0400000;134.4000000;28718050
GAZP;D;20180622;0;135.0000000;137.5500000;135.0000000;136.7600000;23927070
GAZP;D;20180625;0;136.5800000;138.4400000;136.5500000;137.1000000;17165720
GAZP;D;20180626;0;137.4400000;138.8800000;137.3600000;138.0700000;13703080
GAZP;D;20180627;0;138.0100000;139.8500000;137.0700000;139.0000000;18905710
GAZP;D;20180628;0;138.9800000;140.3300000;138.3500000;138.7600000;22645070
GAZP;D;20180629;0;139.3200000;141.0100000;139.1700000;141.0100000;25801410
GAZP;D;20180702;0;140.8300000;144.2000000;140.0700000;144.0000000;25199530
GAZP;D;20180703;0;144.1000000;144.2000000;141.9500000;142.4900000;15018610
GAZP;D;20180704;0;142.4000000;143.1300000;141.8700000;142.2400000;6350590
GAZP;D;20180705;0;142.1700000;145.5500000;141.6400000;145.5500000;19505580
GAZP;D;20180706;0;145.7000000;145.7000000;143.5700000;144.9600000;17150670
GAZP;D;20180709;0;145.7500000;148.1000000;145.5300000;148.0000000;17769380
GAZP;D;20180710;0;148.1300000;148.3700000;146.4200000;147.3000000;18078220
GAZP;D;20180711;0;146.7600000;146.7600000;143.8500000;144.7700000;23479310
GAZP;D;20180712;0;144.7100000;145.7000000;143.5000000;145.0800000;19613720
GAZP;D;20180713;0;145.3200000;146.8700000;144.8700000;146.8700000;13522800
GAZP;D;20180716;0;146.7900000;148.9800000;146.1300000;147.0000000;25861000
GAZP;D;20180717;0;146.5900000;146.7300000;144.1500000;145.3100000;25684080
GAZP;D;20180718;0;138.8600000;138.9900000;137.4500000;138.2900000;28361940
GAZP;D;20180719;0;138.3900000;138.6600000;136.8500000;137.5800000;18326290
GAZP;D;20180720;0;137.5300000;138.0000000;136.4200000;136.4700000;18700220
GAZP;D;20180723;0;136.5800000;139.2200000;136.5800000;138.3700000;17901510
GAZP;D;20180724;0;138.5700000;139.7000000;137.9200000;138.8500000;13396020
GAZP;D;20180725;0;138.0800000;138.8800000;137.6400000;138.2100000;13601850
GAZP;D;20180726;0;138.8400000;139.1700000;137.7400000;138.1800000;10795300
GAZP;D;20180727;0;138.4000000;138.7000000;137.1300000;137.9900000;9466230
GAZP;D;20180730;0;137.5800000;138.9000000;137.1200000;138.9000000;13182880
GAZP;D;20180731;0;138.7100000;143.7900000;138.4600000;143.7900000;31491250
GAZP;D;20180801;0;143.0000000;143.3100000;141.4800000;142.1400000;18193480
GAZP;D;20180802;0;141.7500000;142.8900000;139.7600000;140.3600000;12663990
GAZP;D;20180803;0;140.2000000;142.3900000;139.5000000;142.3900000;21843850
GAZP;D;20180806;0;142.4300000;142.5800000;140.3200000;141.3400000;15233700
GAZP;D;20180807;0;141.3500000;143.0400000;140.9500000;142.7400000;14033950
GAZP;D;20180808;0;142.7100000;144.1900000;142.2000000;144.1000000;26994160
GAZP;D;20180809;0;143.4000000;145.4600000;143.2600000;145.2000000;29174620
GAZP;D;20180810;0;144.6800000;146.2000000;144.0100000;144.8000000;27191130
GAZP;D;20180813;0;143.9000000;145.1500000;142.5400000;142.9000000;22775280
GAZP;D;20180814;0;143.4900000;143.4900000;139.8500000;141.2400000;22362070
GAZP;D;20180815;0;141.0200000;141.6800000;139.5000000;141.5000000;20921490
GAZP;D;20180816;0;141.4600000;142.0900000;139.9500000;140.8800000;14303090
GAZP;D;20180817;0;140.8700000;141.7600000;140.0300000;141.0100000;15071490
GAZP;D;20180820;0;141.9700000;142.2200000;140.6100000;141.5100000;8200340
GAZP;D;20180821;0;141.5700000;143.4900000;140.1200000;143.3000000;13668300
GAZP;D;20180822;0;143.5000000;144.4100000;142.3000000;144.1600000;16220450
GAZP;D;20180823;0;143.8100000;145.0000000;141.5000000;141.5000000;21388560
GAZP;D;20180824;0;141.7000000;143.9800000;141.5000000;143.6000000;18991800
GAZP;D;20180827;0;143.5100000;144.5200000;143.2500000;144.5200000;12761820
GAZP;D;20180828;0;144.5700000;146.7300000;144.5700000;145.6000000;19605540
GAZP;D;20180829;0;145.7500000;147.8800000;145.4000000;147.8800000;19138360
GAZP;D;20180830;0;147.8700000;148.3400000;145.6600000;145.9800000;17196900
GAZP;D;20180831;0;145.7000000;150.2000000;144.7800000;149.9500000;32950200
GAZP;D;20180903;0;149.9500000;151.0000000;148.5200000;148.7300000;14940540
GAZP;D;20180904;0;148.8600000;149.4100000;146.3900000;147.4000000;17075740
GAZP;D;20180905;0;147.2000000;148.5000000;146.8500000;147.0600000;15791180
GAZP;D;20180906;0;147.1600000;149.5000000;146.8900000;147.0600000;22009830
GAZP;D;20180907;0;146.9600000;148.9900000;146.5400000;148.8000000;16239400
GAZP;D;20180910;0;149.0000000;150.7500000;148.1500000;150.7500000;18670210
GAZP;D;20180911;0;150.7500000;152.9500000;150.1700000;152.3600000;44746030
GAZP;D;20180912;0;152.8600000;156.0000000;152.5400000;155.0500000;34157300
GAZP;D;20180913;0;154.6000000;155.7900000;153.0000000;153.5000000;21455930
GAZP;D;20180914;0;153.3300000;154.0000000;151.7700000;152.1500000;14166220
GAZP;D;20180917;0;151.9900000;155.7400000;151.4100000;155.4600000;33784110
GAZP;D;20180918;0;155.5000000;157.8700000;154.7400000;157.0800000;27139580
GAZP;D;20180919;0;157.5200000;159.7900000;156.6500000;157.3900000;43320720
GAZP;D;20180920;0;157.1000000;158.8900000;154.3500000;154.3500000;52178250
GAZP;D;20180921;0;154.6400000;158.9500000;154.5200000;158.6400000;48177010
GAZP;D;20180924;0;158.4800000;159.5000000;157.6000000;159.0000000;21553930
GAZP;D;20180925;0;159.4800000;160.9400000;157.8000000;160.8400000;21965630
GAZP;D;20180926;0;161.2600000;162.0000000;158.6400000;159.2700000;25557150
GAZP;D;20180927;0;159.3400000;162.4500000;158.5700000;161.8000000;41245320
GAZP;D;20180928;0;162.0000000;163.1900000;160.5000000;162.6100000;18914160
GAZP;D;20181001;0;163.4300000;163.9300000;161.2000000;161.8900000;15691970
GAZP;D;20181002;0;162.0200000;163.4700000;160.9700000;162.5900000;22794340
GAZP;D;20181003;0;163.0000000;170.1500000;162.7700000;169.4700000;65141860
GAZP;D;20181004;0;169.6000000;171.9500000;167.1500000;168.5000000;54167140
GAZP;D;20181005;0;167.8000000;171.1400000;166.5200000;170.5000000;30143510
GAZP;D;20181008;0;171.9900000;173.9500000;170.5500000;171.8100000;24276060
GAZP;D;20181009;0;172.5900000;176.9500000;172.1100000;172.1100000;45938350
GAZP;D;20181010;0;172.1100000;172.9500000;165.9000000;166.2000000;40726270
GAZP;D;20181011;0;162.4000000;163.8000000;160.6000000;161.9200000;43667630
GAZP;D;20181012;0;163.2000000;167.5900000;163.1000000;167.0000000;32072180
GAZP;D;20181015;0;167.5800000;168.6000000;163.1800000;164.0000000;20154950
GAZP;D;20181016;0;163.9100000;166.0000000;161.6100000;165.9900000;19259040
GAZP;D;20181017;0;167.1400000;167.3800000;163.3000000;164.5600000;19388010
GAZP;D;20181018;0;163.8000000;164.5500000;159.7000000;160.1800000;27086820
GAZP;D;20181019;0;160.7000000;161.3200000;158.1900000;161.3200000;31865890
GAZP;D;20181022;0;161.5000000;162.5000000;155.4200000;155.7000000;26071090
GAZP;D;20181023;0;154.4800000;155.2000000;151.7600000;153.6100000;31852020
GAZP;D;20181024;0;154.8900000;156.5800000;152.3100000;154.7000000;38379370
GAZP;D;20181025;0;152.7000000;156.8700000;152.5000000;155.6500000;35181510
GAZP;D;20181026;0;155.1900000;155.2400000;151.2100000;152.5000000;24333150
GAZP;D;20181029;0;152.0000000;153.7600000;151.5600000;152.5200000;15747080
GAZP;D;20181030;0;151.9800000;153.7400000;149.9000000;151.3000000;18630320
GAZP;D;20181031;0;152.0000000;155.4700000;152.0000000;155.4700000;24344060
GAZP;D;20181101;0;155.0900000;155.1000000;153.1700000;153.5000000;17054340
GAZP;D;20181102;0;154.1100000;154.9900000;153.3200000;153.7100000;15921720
GAZP;D;20181106;0;154.6600000;156.6500000;154.3800000;156.0000000;17900550
GAZP;D;20181107;0;156.0900000;157.8900000;154.7000000;157.8500000;34064230
GAZP;D;20181108;0;158.0000000;159.0000000;156.7100000;157.5100000;19897210
GAZP;D;20181109;0;156.5800000;156.8600000;151.8000000;153.1900000;34550880
GAZP;D;20181112;0;153.3600000;153.9000000;150.8000000;150.8900000;18167710
GAZP;D;20181113;0;150.4700000;151.5000000;148.8000000;148.8300000;28381590
GAZP;D;20181114;0;148.3400000;152.1800000;147.5500000;151.8500000;29905210
GAZP;D;20181115;0;152.7700000;155.2100000;152.6000000;154.1400000;29357240
GAZP;D;20181116;0;154.3100000;154.7600000;151.5400000;153.1600000;22612860
GAZP;D;20181119;0;153.5000000;155.0000000;153.4200000;154.1000000;18705890
GAZP;D;20181120;0;153.8000000;154.0000000;150.3000000;151.5100000;17143570
GAZP;D;20181121;0;151.2300000;152.7500000;151.1300000;152.4000000;15547090
GAZP;D;20181122;0;152.4000000;154.4000000;152.0200000;153.9100000;11601450
GAZP;D;20181123;0;153.4400000;153.6700000;150.3000000;151.7900000;19144370
GAZP;D;20181126;0;151.7400000;151.7900000;146.3000000;149.5300000;30510770
GAZP;D;20181127;0;149.9200000;154.2700000;149.8000000;153.8000000;20047920
GAZP;D;20181128;0;154.2200000;166.1000000;154.0000000;165.5800000;75501600
GAZP;D;20181129;0;166.6000000;167.3600000;163.6000000;164.9900000;43222090
GAZP;D;20181130;0;164.4000000;164.6500000;160.2500000;161.2900000;34040720
GAZP;D;20181203;0;164.2000000;166.6500000;163.8100000;165.4000000;39201230
GAZP;D;20181204;0;164.9200000;165.0000000;162.3000000;164.2000000;21819480
GAZP;D;20181205;0;161.2900000;164.5700000;160.3100000;164.5700000;23326990
GAZP;D;20181206;0;162.9000000;163.0000000;159.0000000;160.6200000;30346560
GAZP;D;20181207;0;160.8300000;163.1500000;159.6700000;163.0000000;29899120
GAZP;D;20181210;0;161.5000000;162.5000000;160.6800000;161.0000000;13580700
GAZP;D;20181211;0;160.8000000;161.2700000;157.6900000;158.6000000;24926650
GAZP;D;20181212;0;158.0000000;158.0900000;154.0000000;155.7900000;32682680
GAZP;D;20181213;0;154.9500000;156.4900000;153.2500000;156.4900000;19593130
GAZP;D;20181214;0;155.9600000;155.9800000;153.5100000;155.4000000;13691610
GAZP;D;20181217;0;155.1600000;156.4100000;152.9300000;153.5300000;18335250
GAZP;D;20181218;0;152.4000000;152.4200000;150.0500000;151.8900000;29979840
GAZP;D;20181219;0;151.1000000;153.7900000;150.7100000;152.9800000;19828860
GAZP;D;20181220;0;150.2300000;152.3800000;149.7000000;152.2700000;27281980
GAZP;D;20181221;0;151.4100000;152.2700000;150.3200000;151.1200000;24584730
GAZP;D;20181224;0;150.6600000;151.1500000;148.9300000;149.7300000;10653140
GAZP;D;20181225;0;148.3600000;148.4900000;145.0200000;147.0100000;13164880
GAZP;D;20181226;0;147.4700000;149.6600000;147.3600000;148.4100000;8569530
GAZP;D;20181227;0;151.0000000;152.4000000;150.0600000;150.6800000;16265460
GAZP;D;20181228;0;151.6800000;153.8000000;151.1600000;153.0000000;14209990
GAZP;D;20181229;0;153.6900000;153.7300000;152.8200000;153.5000000;2882780
GAZP;D;20190103;0;154.1300000;157.3000000;154.1100000;156.2800000;14156530
GAZP;D;20190104;0;156.7400000;159.1500000;156.7100000;159.1500000;14532100
GAZP;D;20190108;0;158.6500000;158.9400000;156.5500000;158.2600000;16952510
GAZP;D;20190109;0;158.8800000;160.4000000;158.4000000;160.2400000;19132150
GAZP;D;20190110;0;159.7400000;160.2000000;157.5600000;160.2000000;19908540
GAZP;D;20190111;0;160.2100000;161.1300000;159.8000000;161.0000000;17594360
GAZP;D;20190114;0;159.8400000;160.7500000;159.2000000;160.4800000;12570310
GAZP;D;20190115;0;160.9700000;161.5000000;157.3500000;158.1500000;20807500
GAZP;D;20190116;0;158.3500000;158.7500000;155.8000000;156.9000000;20854450
GAZP;D;20190117;0;157.2100000;157.2900000;155.6000000;157.1000000;16138910
GAZP;D;20190118;0;158.1700000;159.2000000;157.4300000;159.2000000;18171920
GAZP;D;20190121;0;159.0200000;160.0700000;158.0100000;158.3000000;11848340
GAZP;D;20190122;0;157.8600000;158.5000000;156.5700000;158.5000000;18825760
GAZP;D;20190123;0;158.2200000;159.9000000;158.0200000;159.9000000;14565330
GAZP;D;20190124;0;159.7100000;162.7800000;158.8600000;160.9000000;35642150
GAZP;D;20190125;0;161.6100000;162.8200000;160.1800000;162.8200000;19740330
GAZP;D;20190128;0;162.4000000;163.5800000;159.8200000;160.5600000;23869790
GAZP;D;20190129;0;160.1400000;162.9800000;159.0000000;162.9500000;22802210
GAZP;D;20190130;0;162.5100000;165.8400000;162.2600000;165.4000000;25103830
GAZP;D;20190131;0;166.0000000;166.4900000;162.5500000;162.8200000;30619120
GAZP;D;20190201;0;162.4700000;164.3700000;161.7500000;163.3300000;23022290
GAZP;D;20190204;0;163.3700000;165.0000000;162.8100000;163.2000000;11455620
GAZP;D;20190205;0;163.4500000;165.4300000;162.5400000;164.2500000;13705790
GAZP;D;20190206;0;164.4400000;164.6700000;163.0700000;163.2100000;9544680
GAZP;D;20190207;0;162.8800000;163.4400000;159.1000000;160.3900000;23511620
GAZP;D;20190208;0;159.1700000;161.3600000;158.1100000;159.8000000;19392120
GAZP;D;20190211;0;160.4300000;162.3000000;160.1800000;161.2900000;19102430
GAZP;D;20190212;0;161.5000000;163.6800000;160.7500000;163.6800000;14959180
GAZP;D;20190213;0;163.9400000;164.2800000;159.2700000;159.2700000;21976740
GAZP;D;20190214;0;157.3500000;158.7400000;155.1500000;155.1500000;38217060
GAZP;D;20190215;0;155.9900000;159.0400000;155.8900000;159.0400000;24534440
GAZP;D;20190218;0;159.2500000;159.9000000;156.1400000;156.4300000;17714880
GAZP;D;20190219;0;156.4900000;157.1400000;153.3600000;154.0300000;20048780
GAZP;D;20190220;0;154.6700000;155.6600000;153.6700000;154.4300000;21132090
GAZP;D;20190221;0;154.8400000;155.4100000;153.0100000;153.5000000;15195440
GAZP;D;20190222;0;153.5100000;155.6500000;153.4900000;154.6400000;13174630
GAZP;D;20190225;0;155.0100000;155.3700000;153.5600000;154.6000000;14729430
GAZP;D;20190226;0;153.9200000;155.3600000;152.8200000;155.3600000;18264040
GAZP;D;20190227;0;155.7000000;157.1500000;154.8200000;156.4000000;19613350
GAZP;D;20190228;0;156.3700000;159.2500000;156.0200000;158.9900000;34637820
GAZP;D;20190301;0;158.9200000;159.5500000;156.3100000;156.7100000;21869220
GAZP;D;20190304;0;156.7500000;156.7600000;154.4000000;154.4000000;17191730
GAZP;D;20190305;0;154.0400000;154.6500000;153.1100000;153.2000000;20106870
GAZP;D;20190306;0;153.3500000;154.4500000;153.0700000;154.2000000;17118260
GAZP;D;20190307;0;154.0000000;154.1900000;151.5800000;151.9000000;19664780
GAZP;D;20190311;0;151.9000000;152.4700000;150.5100000;151.6000000;19475200
GAZP;D;20190312;0;152.2400000;152.9500000;150.8400000;151.6400000;15459330
GAZP;D;20190313;0;151.2500000;153.3000000;150.6600000;153.3000000;18541850
GAZP;D;20190314;0;153.3500000;154.4000000;152.5300000;152.6800000;19954820
GAZP;D;20190315;0;152.9800000;154.5600000;152.1100000;154.5600000;33323370
GAZP;D;20190318;0;154.1700000;156.4800000;153.6000000;155.8400000;22046180
GAZP;D;20190319;0;155.8400000;156.4500000;154.6000000;155.5000000;17522800
GAZP;D;20190320;0;155.5400000;156.1400000;154.0000000;156.0900000;20074900
GAZP;D;20190321;0;156.3000000;156.7000000;154.5200000;155.3300000;28106530
GAZP;D;20190322;0;155.0200000;155.0200000;151.8500000;152.2900000;23196800
GAZP;D;20190325;0;151.2200000;152.2900000;150.7200000;152.2900000;22489970
GAZP;D;20190326;0;151.9900000;152.9100000;150.8300000;151.1200000;21606970
GAZP;D;20190327;0;150.9000000;151.4400000;149.0300000;149.4900000;23876030
GAZP;D;20190328;0;149.6800000;150.7500000;148.8300000;149.9800000;16368070
GAZP;D;20190329;0;150.1700000;151.6400000;149.1300000;149.6100000;26427080
GAZP;D;20190401;0;150.2700000;154.8100000;149.9200000;154.5300000;37014640
GAZP;D;20190402;0;154.8500000;155.8000000;153.3000000;155.0000000;30932830
GAZP;D;20190403;0;155.3500000;157.5800000;155.3100000;156.9900000;33767480
GAZP;D;20190404;0;156.8000000;158.8900000;156.4000000;158.8900000;22962870
GAZP;D;20190405;0;158.3700000;159.5000000;157.8700000;158.6000000;22836310
GAZP;D;20190408;0;158.8700000;160.8800000;158.8700000;160.5000000;25792120
GAZP;D;20190409;0;160.4500000;163.3500000;159.8000000;162.7000000;40138250
GAZP;D;20190410;0;162.4000000;164.9500000;162.1200000;162.8800000;38948440
GAZP;D;20190411;0;162.3700000;162.9500000;158.0400000;158.0400000;44918320
GAZP;D;20190412;0;158.5700000;160.4600000;157.9000000;159.1200000;29292480
GAZP;D;20190415;0;160.0000000;160.6000000;157.6200000;158.3300000;18161810
GAZP;D;20190416;0;158.9900000;163.4200000;158.2100000;162.2400000;27268370
GAZP;D;20190417;0;163.0000000;165.4000000;162.4000000;164.0000000;28383560
GAZP;D;20190418;0;163.6200000;163.7900000;160.8500000;161.7900000;19619030
GAZP;D;20190419;0;161.9400000;162.5700000;161.5000000;162.5700000;3846150
GAZP;D;20190422;0;163.2100000;164.3400000;162.7600000;163.5000000;8932150
GAZP;D;20190423;0;163.5800000;163.8500000;160.9100000;162.4200000;15143870
GAZP;D;20190424;0;162.9300000;163.0700000;159.1800000;160.5700000;25714110
GAZP;D;20190425;0;160.1900000;160.9500000;158.8000000;159.3100000;21705450
GAZP;D;20190426;0;159.0500000;161.0000000;158.5800000;161.0000000;17621560
GAZP;D;20190429;0;161.2000000;164.7400000;160.6800000;163.9300000;31180350
GAZP;D;20190430;0;164.0300000;165.4000000;163.0100000;163.9500000;31318480
GAZP;D;20190502;0;163.6700000;166.8500000;163.6700000;165.7100000;20687740
GAZP;D;20190503;0;166.2100000;166.9800000;165.8300000;166.3100000;13220120
GAZP;D;20190506;0;164.9800000;165.4500000;163.3400000;165.4500000;15413420
GAZP;D;20190507;0;165.0100000;166.2700000;164.2100000;164.2100000;19239460
GAZP;D;20190508;0;164.4900000;165.4400000;163.5500000;163.5700000;17864410
GAZP;D;20190510;0;163.6100000;164.9000000;162.6200000;163.6100000;16115500
GAZP;D;20190513;0;163.5400000;164.3400000;163.0000000;163.0000000;16929890
GAZP;D;20190514;0;163.0000000;190.9000000;162.6500000;189.6700000;182155530
GAZP;D;20190515;0;193.0300000;198.4000000;192.2900000;195.6100000;135042030
GAZP;D;20190516;0;194.6100000;203.4500000;194.2400000;202.7000000;99939840
GAZP;D;20190517;0;201.8100000;202.3000000;197.7100000;198.8900000;49498930
GAZP;D;20190520;0;200.2000000;201.4800000;198.3000000;200.8000000;27257450
GAZP;D;20190521;0;201.4000000;210.9800000;199.0100000;207.8000000;90723200
GAZP;D;20190522;0;208.9200000;210.1100000;206.3300000;208.1000000;34914980
GAZP;D;20190523;0;207.1000000;212.1800000;205.8400000;208.8600000;54423660
GAZP;D;20190524;0;209.4900000;210.2000000;203.7600000;204.5000000;28977610
GAZP;D;20190527;0;204.2500000;206.6000000;200.8400000;206.2000000;28108030
GAZP;D;20190528;0;206.0000000;206.0000000;201.0000000;203.1300000;61116250
GAZP;D;20190529;0;202.1000000;207.6900000;201.1100000;207.1400000;42885290
GAZP;D;20190530;0;207.9000000;216.4500000;207.5700000;213.1000000;77165630
GAZP;D;20190531;0;212.0000000;215.2700000;210.0500000;215.1000000;43583100
GAZP;D;20190603;0;214.4000000;251.6500000;213.5000000;235.5100000;218623740
GAZP;D;20190604;0;233.5000000;235.5900000;223.5200000;230.1600000;109468310
GAZP;D;20190605;0;230.2500000;233.3000000;228.0400000;230.0100000;40189180
GAZP;D;20190606;0;230.0000000;236.6200000;228.7100000;231.4500000;55255260
GAZP;D;20190607;0;233.1300000;233.7700000;230.0000000;230.5000000;42161970
GAZP;D;20190610;0;230.9600000;234.3000000;230.4000000;232.1000000;30561990
GAZP;D;20190611;0;232.3300000;237.6300000;231.1300000;234.8600000;44830680
GAZP;D;20190613;0;233.7400000;237.3500000;233.0100000;234.4400000;35344770
GAZP;D;20190614;0;234.3800000;235.4400000;231.2600000;231.5100000;25324550
GAZP;D;20190617;0;231.5500000;234.4400000;229.6300000;229.8100000;32323620
GAZP;D;20190618;0;229.6800000;232.3000000;228.3000000;232.1300000;32150900
GAZP;D;20190619;0;232.5000000;235.4200000;232.0000000;232.4600000;31792020
GAZP;D;20190620;0;234.0000000;234.4500000;231.4500000;232.5200000;44745000
GAZP;D;20190621;0;232.5000000;232.5200000;228.8500000;229.0900000;47026920
GAZP;D;20190624;0;229.5400000;233.0400000;229.4700000;232.3800000;22048370
GAZP;D;20190625;0;232.0200000;232.1900000;229.6400000;232.0900000;21479600
GAZP;D;20190626;0;232.5200000;233.6000000;232.0000000;233.1000000;19194980
GAZP;D;20190627;0;233.0100000;234.9300000;232.6000000;232.6000000;22173120
GAZP;D;20190628;0;233.2100000;235.4700000;232.3500000;232.8300000;42417300
GAZP;D;20190701;0;234.1600000;248.4300000;234.1000000;245.5000000;79789230
GAZP;D;20190702;0;246.2500000;249.2600000;243.7000000;246.6500000;31516910
GAZP;D;20190703;0;246.0100000;251.6000000;245.5500000;251.6000000;44695140
GAZP;D;20190704;0;251.6000000;256.4000000;250.6100000;255.3500000;43456600
GAZP;D;20190705;0;255.2000000;255.9600000;250.1200000;250.8900000;36201160
GAZP;D;20190708;0;250.1100000;250.9600000;245.2000000;248.5100000;39287950
GAZP;D;20190709;0;248.6500000;252.9300000;247.7100000;250.1700000;32399700
GAZP;D;20190710;0;250.6500000;251.4800000;248.8000000;250.2100000;32997900
GAZP;D;20190711;0;250.2100000;250.6900000;245.0000000;247.2000000;42946890
GAZP;D;20190712;0;247.0700000;247.8000000;244.0000000;245.5000000;21518430
GAZP;D;20190715;0;246.9800000;248.0800000;240.1000000;240.3000000;35954500
GAZP;D;20190716;0;240.1000000;240.4000000;235.8300000;238.0100000;40808070
GAZP;D;20190717;0;223.5600000;224.0300000;218.6300000;220.1900000;49159480
GAZP;D;20190718;0;219.0000000;219.8000000;215.7700000;218.3000000;30832300
GAZP;D;20190719;0;219.4900000;220.4300000;215.3700000;216.0000000;19994180
GAZP;D;20190722;0;215.9600000;220.0000000;214.1000000;217.1200000;33671480
GAZP;D;20190723;0;217.5000000;221.1700000;216.7600000;217.3900000;34688860
GAZP;D;20190724;0;218.4700000;218.4700000;210.5100000;212.0000000;44472730
GAZP;D;20190725;0;208.0000000;228.9400000;206.0000000;219.0000000;168276260
GAZP;D;20190726;0;217.0000000;236.0000000;217.0000000;234.2300000;180746030
GAZP;D;20190729;0;234.1200000;238.7000000;231.8300000;236.7300000;50392430
GAZP;D;20190730;0;236.2000000;237.1300000;232.3700000;237.1000000;43909750
GAZP;D;20190731;0;237.4300000;239.6400000;234.4400000;236.9000000;45390530
GAZP;D;20190801;0;234.5400000;237.3400000;233.2900000;234.2800000;31214130
GAZP;D;20190802;0;231.2000000;233.1700000;227.9100000;227.9100000;59088400
GAZP;D;20190805;0;225.9800000;228.0000000;222.3000000;223.6100000;53274790
GAZP;D;20190806;0;223.6200000;227.7800000;223.6200000;226.7600000;30408050
GAZP;D;20190807;0;226.9200000;232.6700000;225.5000000;227.6700000;49674350
GAZP;D;20190808;0;230.5600000;233.5400000;230.4300000;231.2100000;29462320
GAZP;D;20190809;0;231.4500000;232.2600000;228.9100000;229.9600000;18511340
GAZP;D;20190812;0;231.0100000;232.9700000;229.2900000;230.2400000;15899440
GAZP;D;20190813;0;229.8100000;232.1600000;226.4600000;229.8700000;35141330
GAZP;D;20190814;0;231.1000000;231.1900000;224.5800000;227.1000000;35810650
GAZP;D;20190815;0;227.6500000;229.7000000;224.8900000;227.1500000;32261660
GAZP;D;20190816;0;228.3500000;229.3800000;224.0800000;224.7100000;25088600
GAZP;D;20190819;0;226.0000000;227.2000000;223.6500000;226.8000000;19071590
GAZP;D;20190820;0;226.7900000;232.3200000;226.1500000;231.5400000;34614850
GAZP;D;20190821;0;231.7200000;232.3200000;230.5000000;231.2200000;20484120
GAZP;D;20190822;0;231.0000000;233.9800000;230.2100000;232.0600000;26482270
GAZP;D;20190823;0;232.6800000;233.0400000;228.9300000;229.3500000;28995640
GAZP;D;20190826;0;228.8000000;230.6000000;228.0500000;228.9000000;10989680
GAZP;D;20190827;0;228.9200000;229.2800000;223.0000000;227.0000000;55755870
GAZP;D;20190828;0;226.5200000;228.6400000;224.8800000;228.4800000;32501460
GAZP;D;20190829;0;228.8700000;235.2500000;228.6700000;233.2000000;47541460
GAZP;D;20190830;0;233.6700000;233.8500000;231.0700000;232.1500000;21999850
GAZP;D;20190902;0;231.9300000;234.2200000;230.5000000;233.6700000;19247230
GAZP;D;20190903;0;233.4000000;233.6000000;229.9600000;231.0200000;20644460
GAZP;D;20190904;0;232.7000000;234.7800000;232.1800000;233.7100000;27460870
GAZP;D;20190905;0;234.6400000;238.1700000;234.6400000;236.1800000;29825470
GAZP;D;20190906;0;235.8000000;235.9700000;232.3800000;234.4900000;24958710
GAZP;D;20190909;0;235.0100000;235.6200000;233.0000000;234.8500000;16605360
GAZP;D;20190910;0;234.5000000;235.1000000;232.0200000;233.0000000;24030270
GAZP;D;20190911;0;233.0300000;235.3800000;232.2000000;235.0700000;27067670
GAZP;D;20190912;0;234.4000000;235.2800000;231.5100000;232.8800000;28919220
GAZP;D;20190913;0;232.6000000;233.4100000;230.8000000;232.5000000;17924170
GAZP;D;20190916;0;233.9200000;234.8800000;232.5700000;234.8800000;29088960
GAZP;D;20190917;0;234.5900000;235.1700000;232.3600000;233.5800000;28290430
GAZP;D;20190918;0;233.0000000;233.9600000;232.3000000;233.4600000;12241830
GAZP;D;20190919;0;233.2000000;233.2800000;230.0600000;230.5200000;31656770
GAZP;D;20190920;0;230.7500000;231.0000000;228.5000000;230.4100000;34630870
GAZP;D;20190923;0;230.5100000;231.2500000;228.8700000;230.3600000;16853630
GAZP;D;20190924;0;230.4000000;230.6800000;227.1900000;227.7000000;22360090
GAZP;D;20190925;0;227.0500000;228.7000000;225.7600000;228.4300000;22023600
GAZP;D;20190926;0;228.7400000;233.7000000;228.3100000;231.9700000;40372280
GAZP;D;20190927;0;231.9500000;232.1400000;229.0100000;229.0100000;13552170
GAZP;D;20190930;0;229.0300000;229.4600000;225.9000000;225.9000000;26468400
GAZP;D;20191001;0;225.9900000;227.7000000;225.1700000;226.4900000;16729200
GAZP;D;20191002;0;226.2000000;226.6500000;223.2500000;223.6000000;31853130
GAZP;D;20191003;0;223.5500000;224.8900000;220.7900000;223.1000000;29947650
GAZP;D;20191004;0;224.3000000;224.6500000;221.2400000;221.6600000;21983910
GAZP;D;20191007;0;221.8600000;226.8100000;220.6800000;226.3600000;22368580
GAZP;D;20191008;0;226.5500000;227.7000000;222.7100000;223.2000000;22250070
GAZP;D;20191009;0;223.1000000;224.7100000;221.7200000;223.1800000;14900260
GAZP;D;20191010;0;222.9900000;224.9300000;222.2700000;224.5000000;14656590
GAZP;D;20191011;0;225.0100000;227.5000000;224.8200000;227.3700000;18254680
GAZP;D;20191014;0;227.3800000;228.6100000;225.5000000;226.0000000;14629550
GAZP;D;20191015;0;225.9900000;227.1500000;224.0600000;226.0000000;18143980
GAZP;D;20191016;0;225.8500000;227.9000000;225.1100000;227.7000000;17795440
GAZP;D;20191017;0;227.6600000;228.6000000;226.0000000;228.0000000;21404300
GAZP;D;20191018;0;227.8800000;228.9000000;227.2000000;228.0000000;16558440
GAZP;D;20191021;0;228.2400000;229.1100000;227.3100000;228.5400000;14398380
GAZP;D;20191022;0;228.5900000;235.3600000;228.2800000;235.3600000;42863380
GAZP;D;20191023;0;234.8600000;237.6700000;233.1600000;236.2000000;39572590
GAZP;D;20191024;0;236.4600000;244.0000000;236.4600000;243.9400000;47588820
GAZP;D;20191025;0;244.1700000;247.4000000;239.5000000;246.7100000;43854890
GAZP;D;20191028;0;247.3400000;249.9600000;242.7000000;244.4000000;34900700
GAZP;D;20191029;0;244.0300000;253.6900000;241.4000000;253.1000000;70808570
GAZP;D;20191030;0;252.8500000;265.2600000;252.0100000;261.6000000;97799760
GAZP;D;20191031;0;262.2900000;267.4000000;257.0000000;260.0000000;89611990
GAZP;D;20191101;0;260.1100000;264.2800000;256.3500000;263.7900000;50894990
GAZP;D;20191105;0;266.0200000;267.5300000;261.3100000;263.0000000;36659860
GAZP;D;20191106;0;263.1100000;266.9800000;258.9100000;266.9800000;37682320
GAZP;D;20191107;0;266.0100000;272.6800000;264.6600000;270.7400000;56144120
GAZP;D;20191108;0;269.9000000;270.2000000;264.4500000;266.0000000;33408610
GAZP;D;20191111;0;265.0000000;265.4500000;259.8000000;260.4000000;42759010
GAZP;D;20191112;0;260.8200000;264.5700000;256.1300000;257.2500000;61477030
GAZP;D;20191113;0;256.1100000;257.1900000;250.7900000;251.8000000;87751920
GAZP;D;20191114;0;252.5500000;253.4600000;244.8000000;248.3400000;127648980
GAZP;D;20191115;0;248.5000000;250.4700000;245.0000000;248.0100000;89282030
GAZP;D;20191118;0;250.0100000;250.4000000;245.6200000;246.1500000;52569520
GAZP;D;20191119;0;246.5000000;248.7000000;244.3200000;248.0100000;66007160
GAZP;D;20191120;0;246.9400000;254.8900000;245.5800000;248.0000000;199141170
GAZP;D;20191121;0;252.0000000;259.8000000;250.0100000;254.3500000;221190060
GAZP;D;20191122;0;253.1200000;257.7200000;250.1300000;251.9900000;92136720
GAZP;D;20191125;0;252.1200000;256.1700000;251.4600000;255.2000000;47749490
GAZP;D;20191126;0;255.6000000;257.4100000;252.0100000;254.0000000;70125370
GAZP;D;20191127;0;253.8000000;255.8500000;252.2500000;253.8900000;37656880
GAZP;D;20191128;0;253.4800000;254.4300000;251.3500000;254.0000000;29765820
GAZP;D;20191129;0;253.8900000;257.5400000;251.8600000;257.5400000;53273480
GAZP;D;20191202;0;258.4500000;263.4000000;254.0500000;254.0500000;70123970
GAZP;D;20191203;0;253.2000000;254.1400000;247.0900000;247.9300000;75267070
GAZP;D;20191204;0;248.5000000;251.9600000;246.4000000;248.9300000;59259200
GAZP;D;20191205;0;249.5000000;250.3000000;244.7700000;246.3600000;61673820
GAZP;D;20191206;0;246.5000000;248.2500000;245.3900000;247.8300000;44833820
GAZP;D;20191209;0;247.9800000;250.2200000;247.4000000;248.7000000;32380540
GAZP;D;20191210;0;248.9000000;250.1500000;246.5000000;246.9000000;34789240
GAZP;D;20191211;0;246.8400000;248.6900000;246.8400000;247.3400000;31231740
GAZP;D;20191212;0;247.6400000;254.6600000;247.3500000;250.4800000;78677990
GAZP;D;20191213;0;251.1100000;252.4800000;248.8000000;249.5000000;41751940
GAZP;D;20191216;0;249.9000000;252.2200000;249.2000000;250.7800000;29595580
GAZP;D;20191217;0;251.2400000;252.8600000;250.8000000;252.0500000;31630020
GAZP;D;20191218;0;252.0000000;252.7100000;250.8500000;251.2900000;29136980
GAZP;D;20191219;0;250.9500000;252.3000000;249.4000000;251.4000000;37352350
GAZP;D;20191220;0;252.7100000;256.5800000;252.2200000;255.5000000;60113390
GAZP;D;20191223;0;251.5000000;255.2000000;251.1100000;255.0000000;37646820
GAZP;D;20191224;0;255.6000000;257.7100000;254.2600000;254.8700000;22751750
GAZP;D;20191225;0;254.9000000;255.4900000;253.0200000;253.2500000;12305460
GAZP;D;20191226;0;253.4500000;254.2400000;252.5000000;254.1000000;10875580
GAZP;D;20191227;0;254.3300000;257.4900000;254.0000000;257.1100000;24199940
GAZP;D;20191230;0;257.0900000;258.3000000;254.7100000;256.4000000;23474000
GAZP;D;20200103;0;259.1000000;261.9000000;257.7700000;259.0000000;34326290
GAZP;D;20200106;0;258.9100000;258.9600000;254.8000000;256.5500000;28106710
GAZP;D;20200108;0;256.2500000;257.3200000;254.7700000;255.7900000;25566970
GAZP;D;20200109;0;255.6600000;256.6800000;251.8200000;254.0700000;33194830
GAZP;D;20200110;0;253.9900000;254.6000000;251.2000000;251.9000000;28545590
GAZP;D;20200113;0;252.5000000;252.5000000;248.4000000;251.5000000;41334580
GAZP;D;20200114;0;252.0000000;253.2000000;249.0000000;250.0000000;32866650
GAZP;D;20200115;0;249.5000000;252.5000000;247.7500000;251.3000000;43936180
GAZP;D;20200116;0;251.8700000;254.5400000;251.5000000;254.2600000;38394410
GAZP;D;20200117;0;254.7600000;256.6000000;253.8000000;255.3900000;42028610
GAZP;D;20200120;0;255.6500000;256.1000000;253.0100000;253.5000000;29957470
GAZP;D;20200121;0;253.3700000;253.4000000;250.8800000;252.9900000;26873610
GAZP;D;20200122;0;252.8100000;253.3900000;248.1000000;248.1000000;38825260
GAZP;D;20200123;0;246.9000000;247.6600000;239.0100000;239.3000000;73654660
GAZP;D;20200124;0;240.1200000;243.2500000;235.2800000;237.9500000;68994040
GAZP;D;20200127;0;235.0100000;235.4000000;229.6500000;230.9600000;104948220
GAZP;D;20200128;0;232.6100000;237.5900000;229.0000000;235.0000000;85405890
GAZP;D;20200129;0;236.9000000;237.3600000;231.3000000;232.0000000;52589600
GAZP;D;20200130;0;230.7000000;232.4900000;229.4500000;231.5300000;41451560
GAZP;D;20200131;0;232.5300000;233.7900000;226.5700000;226.7000000;70264920
GAZP;D;20200203;0;223.8100000;229.9800000;223.8000000;227.6400000;53572940
GAZP;D;20200204;0;228.4700000;231.0800000;226.6500000;230.5000000;45301220
GAZP;D;20200205;0;230.8900000;235.7300000;228.8000000;232.5600000;61685530
GAZP;D;20200206;0;234.0400000;236.0000000;230.1500000;231.3800000;42561470
GAZP;D;20200207;0;232.3800000;233.3900000;227.1400000;229.1100000;49649900
GAZP;D;20200210;0;228.5800000;229.7500000;224.4100000;225.2000000;50466570
GAZP;D;20200211;0;226.5600000;236.1800000;226.0100000;233.9000000;95547840
GAZP;D;20200212;0;235.2000000;239.8000000;234.5600000;238.0300000;83138320
GAZP;D;20200213;0;236.9000000;237.9800000;233.5500000;233.5500000;41949600
GAZP;D;20200214;0;233.7900000;235.4000000;230.9100000;232.5000000;34339380
GAZP;D;20200217;0;233.4000000;234.5600000;231.9100000;233.7500000;20525270
GAZP;D;20200218;0;232.9700000;233.2800000;229.8000000;230.5000000;30822280
GAZP;D;20200219;0;231.8400000;233.5000000;230.7100000;231.9000000;24383830
GAZP;D;20200220;0;232.5500000;235.7500000;232.0000000;234.6000000;33547100
GAZP;D;20200221;0;233.2000000;233.7700000;231.6100000;232.0000000;29613730
GAZP;D;20200225;0;227.9900000;230.0600000;224.6800000;224.6800000;51889790
GAZP;D;20200226;0;223.3200000;225.4700000;220.8100000;224.7600000;63577060
GAZP;D;20200227;0;220.9900000;223.4000000;216.8000000;217.5000000;82610580
GAZP;D;20200228;0;210.0000000;211.9700000;200.5700000;202.6500000;168877890
GAZP;D;20200302;0;207.9900000;211.9900000;195.5100000;198.7800000;151413660
GAZP;D;20200303;0;204.7800000;205.2700000;198.0000000;201.4800000;104199970
GAZP;D;20200304;0;199.9000000;204.4200000;198.2800000;200.0000000;78621910
GAZP;D;20200305;0;203.0000000;203.4300000;197.5000000;198.0000000;65760320
GAZP;D;20200306;0;193.4900000;194.2300000;185.1300000;188.2700000;131420850
GAZP;D;20200310;0;169.4500000;185.8400000;161.0100000;171.0000000;203245560
GAZP;D;20200311;0;173.9800000;175.8700000;167.3900000;172.0300000;108371760
GAZP;D;20200312;0;163.4000000;167.8000000;161.2000000;163.7300000;150756610
GAZP;D;20200313;0;164.0800000;175.6900000;164.0200000;166.1000000;142833320
GAZP;D;20200316;0;163.5600000;169.9900000;158.1700000;168.0700000;115641980
GAZP;D;20200317;0;168.9600000;175.5000000;164.5600000;167.0000000;108041540
GAZP;D;20200318;0;164.9000000;170.4500000;162.0000000;166.3400000;105950660
GAZP;D;20200319;0;168.7700000;175.2000000;164.0500000;174.5600000;121970230
GAZP;D;20200320;0;179.9800000;184.6900000;176.1000000;176.2600000;139598470
GAZP;D;20200323;0;171.0300000;172.2800000;168.0400000;168.3500000;108969290
GAZP;D;20200324;0;174.3600000;179.9900000;172.6100000;177.9500000;89246570
GAZP;D;20200325;0;182.8000000;186.9000000;175.2600000;180.2000000;114425820
GAZP;D;20200326;0;179.4500000;184.9000000;177.2800000;181.5000000;53884430
GAZP;D;20200327;0;181.2000000;181.3700000;172.0000000;174.5000000;55565750
GAZP;D;20200330;0;171.9900000;177.6300000;170.5000000;176.4400000;47795640
GAZP;D;20200331;0;178.5000000;184.6400000;178.0100000;181.4100000;69708850
GAZP;D;20200401;0;178.0500000;181.3800000;177.5000000;180.0600000;40356500
GAZP;D;20200402;0;183.8000000;190.0000000;180.2500000;187.0400000;87685660
GAZP;D;20200403;0;187.0300000;193.8500000;185.7200000;189.7700000;92292440
GAZP;D;20200406;0;192.2500000;193.4400000;189.4400000;191.1000000;62810660
GAZP;D;20200407;0;192.7200000;195.1300000;189.8000000;191.2200000;66726560
GAZP;D;20200408;0;189.7500000;194.1100000;188.1000000;194.1100000;49196260
GAZP;D;20200409;0;195.6900000;196.2600000;189.8800000;193.8600000;84196490
GAZP;D;20200410;0;191.8600000;192.4400000;190.5100000;192.0000000;16941950
GAZP;D;20200413;0;192.2500000;192.3600000;186.0700000;188.0700000;28468270
GAZP;D;20200414;0;189.5700000;191.7600000;188.3000000;190.1100000;50604120
GAZP;D;20200415;0;189.1600000;189.4800000;182.5600000;184.2500000;53684360
GAZP;D;20200416;0;185.1500000;189.1600000;182.7500000;184.3000000;56338120
GAZP;D;20200417;0;187.0700000;187.8700000;183.5400000;184.6800000;38709150
GAZP;D;20200420;0;184.1100000;186.2500000;183.0000000;185.5100000;34244800
GAZP;D;20200421;0;183.1700000;184.5000000;179.0500000;181.9200000;66847460
GAZP;D;20200422;0;181.0900000;188.5500000;180.3300000;188.3600000;48244280
GAZP;D;20200423;0;189.9800000;191.5900000;187.5000000;188.7300000;39797620
GAZP;D;20200424;0;187.9400000;187.9500000;185.1000000;185.7100000;36685880
GAZP;D;20200427;0;186.5300000;188.4700000;185.6900000;186.2900000;23536090
GAZP;D;20200428;0;185.9300000;190.6500000;185.7600000;188.5000000;44154560
GAZP;D;20200429;0;189.7800000;195.2300000;188.5300000;193.8700000;56201200
GAZP;D;20200430;0;195.4400000;196.2000000;189.6200000;190.0000000;72061970
GAZP;D;20200504;0;188.0000000;188.1700000;184.5200000;185.7000000;42833330
GAZP;D;20200505;0;188.3900000;190.3900000;187.3000000;190.0000000;39562120
GAZP;D;20200506;0;190.5300000;191.0500000;187.0500000;187.0500000;46377880
GAZP;D;20200507;0;187.5200000;190.3000000;185.5000000;185.8500000;67256130
GAZP;D;20200508;0;186.3400000;186.6400000;183.1000000;185.3400000;60934480
GAZP;D;20200512;0;184.8800000;187.2000000;183.2000000;186.1700000;49892900
GAZP;D;20200513;0;185.5500000;185.5500000;183.8000000;184.2000000;33177080
GAZP;D;20200514;0;183.2700000;184.8500000;181.6800000;183.9100000;49343510
GAZP;D;20200515;0;185.6200000;186.9800000;183.8500000;183.8500000;47863870
GAZP;D;20200518;0;185.4000000;192.5000000;185.1400000;192.5000000;60009590
GAZP;D;20200519;0;193.0000000;194.3900000;191.1000000;194.2000000;60258130
GAZP;D;20200520;0;193.5700000;197.2700000;192.7900000;196.7400000;73790890
GAZP;D;20200521;0;196.1000000;199.2600000;191.4000000;194.7400000;90059720
GAZP;D;20200522;0;194.0000000;195.7600000;192.2100000;194.3500000;42278710
GAZP;D;20200525;0;195.2100000;197.5500000;195.1100000;197.5500000;20030490
GAZP;D;20200526;0;198.8000000;202.3000000;196.3000000;196.8600000;65940550
GAZP;D;20200527;0;196.1000000;197.7500000;193.1500000;194.7300000;55228910
GAZP;D;20200528;0;194.4000000;196.9800000;194.1700000;196.8600000;39920270
GAZP;D;20200529;0;196.2500000;199.9500000;193.2000000;199.9500000;172617900
GAZP;D;20200601;0;200.2500000;202.4700000;197.1500000;198.7200000;54163710
GAZP;D;20200602;0;199.4800000;202.1900000;198.7200000;201.9700000;45255750
GAZP;D;20200603;0;203.1000000;208.1500000;202.0100000;208.0000000;65058830
GAZP;D;20200604;0;207.9900000;207.9900000;200.6000000;201.4600000;72176320
GAZP;D;20200605;0;202.5600000;204.8400000;201.5100000;203.0500000;44798190
GAZP;D;20200608;0;204.9500000;206.5000000;202.9700000;204.9100000;40076610
GAZP;D;20200609;0;205.4100000;206.1000000;201.5700000;204.8400000;35361030
GAZP;D;20200610;0;204.8800000;205.2700000;200.5300000;201.7500000;41510100
GAZP;D;20200611;0;200.1900000;200.1900000;195.1500000;196.7400000;48834830
GAZP;D;20200615;0;193.8500000;196.1500000;191.0000000;194.2000000;54158910
GAZP;D;20200616;0;196.0600000;199.5900000;195.2000000;196.5900000;43322650
GAZP;D;20200617;0;197.7200000;199.0800000;195.2100000;195.8600000;34389160
GAZP;D;20200618;0;195.4400000;195.5700000;191.8500000;193.0000000;45807200
GAZP;D;20200619;0;194.1700000;196.0700000;193.8200000;195.8100000;45158120
GAZP;D;20200622;0;195.3500000;195.3500000;192.6200000;194.3000000;36763320
GAZP;D;20200623;0;194.7800000;196.3200000;194.0000000;194.8300000;33800940
GAZP;D;20200625;0;191.8000000;192.4800000;190.5500000;192.2500000;48747730
GAZP;D;20200626;0;192.8000000;195.6900000;190.5100000;193.0000000;60289440
GAZP;D;20200629;0;192.6700000;198.1000000;192.5800000;197.9400000;45797120
GAZP;D;20200630;0;197.9000000;198.4800000;193.2400000;194.3100000;52228420
GAZP;D;20200702;0;195.3100000;195.8400000;194.4000000;195.2800000;34114100
GAZP;D;20200703;0;195.6500000;197.4800000;194.7700000;197.2000000;26423160
GAZP;D;20200706;0;199.2100000;201.7500000;198.5300000;199.9900000;46417970
GAZP;D;20200707;0;199.7000000;199.9400000;197.7500000;197.9600000;35182460
GAZP;D;20200708;0;198.0000000;201.1900000;197.5500000;201.1700000;30730070
GAZP;D;20200709;0;201.4800000;202.0000000;198.4000000;199.4400000;40355340
GAZP;D;20200710;0;198.2500000;201.7000000;197.2200000;200.9400000;39028520
GAZP;D;20200713;0;201.6000000;202.3300000;195.5000000;195.7000000;62999870
GAZP;D;20200714;0;195.0900000;196.6500000;192.4800000;193.6000000;83060710
GAZP;D;20200715;0;180.6000000;184.2700000;179.8000000;182.2600000;73463320
GAZP;D;20200716;0;181.2000000;183.8000000;181.0700000;183.3200000;29409000
GAZP;D;20200717;0;183.8000000;184.9300000;182.8700000;184.6500000;25471860
GAZP;D;20200720;0;184.6700000;188.4100000;183.8800000;188.3600000;30010590
GAZP;D;20200721;0;188.9900000;189.7700000;186.2500000;186.7800000;44388320
GAZP;D;20200722;0;187.0300000;188.5900000;186.0700000;187.1500000;22767680
GAZP;D;20200723;0;187.5000000;188.3000000;184.4000000;184.6900000;29769530
GAZP;D;20200724;0;184.8300000;186.4500000;184.1200000;185.4500000;30313190
GAZP;D;20200727;0;185.6000000;185.9200000;184.2000000;185.0300000;22734510
GAZP;D;20200728;0;185.1300000;185.4600000;183.6000000;184.3000000;26633740
GAZP;D;20200729;0;184.5000000;185.3500000;183.4200000;184.6900000;27882380
GAZP;D;20200730;0;184.4400000;184.7300000;180.9100000;182.5200000;34011750
GAZP;D;20200731;0;182.6000000;184.8400000;181.6100000;182.5900000;44920000
GAZP;D;20200803;0;182.5100000;184.0300000;181.7200000;183.6000000;28651930
GAZP;D;20200804;0;184.0600000;184.6800000;182.1700000;183.3100000;32428960
GAZP;D;20200805;0;183.5200000;189.9800000;183.3500000;189.1500000;75423620
GAZP;D;20200806;0;189.5600000;189.9200000;187.1300000;189.0700000;42849450
GAZP;D;20200807;0;188.4400000;188.5700000;185.8100000;187.2300000;28808600
GAZP;D;20200810;0;187.4900000;188.8500000;186.8300000;187.7000000;24226570
GAZP;D;20200811;0;187.8800000;192.4000000;187.8800000;189.7000000;51902080
GAZP;D;20200812;0;190.4700000;193.2900000;189.3200000;192.8000000;35583620
GAZP;D;20200813;0;192.5000000;194.4400000;191.2500000;193.7600000;37819700
GAZP;D;20200814;0;194.2500000;194.2500000;190.7100000;192.8300000;29780320
GAZP;D;20200817;0;193.8400000;194.6800000;189.2000000;190.4700000;55677760
GAZP;D;20200818;0;190.0700000;191.9500000;189.2500000;190.3000000;27776390
GAZP;D;20200819;0;190.5000000;191.9900000;189.0000000;189.2600000;31452990
GAZP;D;20200820;0;188.8000000;188.9400000;185.5800000;186.9500000;37649810
GAZP;D;20200821;0;187.2500000;187.7900000;183.5000000;184.5100000;33830700
GAZP;D;20200824;0;185.3700000;187.4400000;184.8400000;187.1000000;24264740
GAZP;D;20200825;0;187.4500000;187.9900000;184.7300000;186.2500000;19552010
GAZP;D;20200826;0;186.2200000;188.0000000;185.0000000;187.4800000;25456340
GAZP;D;20200827;0;187.5000000;188.0100000;182.6200000;184.5800000;38183770
GAZP;D;20200828;0;184.9600000;185.2200000;182.4800000;182.9000000;34291080
GAZP;D;20200831;0;183.1200000;184.2800000;180.5100000;181.0100000;47459530
GAZP;D;20200901;0;181.4000000;184.8700000;181.0100000;184.2200000;48007480
GAZP;D;20200902;0;184.8000000;186.2900000;181.1000000;181.9500000;50239120
GAZP;D;20200903;0;182.4000000;182.5900000;178.6000000;179.1300000;62908720
GAZP;D;20200904;0;178.9800000;180.5600000;178.0000000;179.5500000;43008870
GAZP;D;20200907;0;178.8200000;179.7500000;175.9400000;177.0400000;38983590
GAZP;D;20200908;0;177.0000000;177.4300000;172.4000000;172.9500000;63837660
GAZP;D;20200909;0;172.7800000;175.3500000;172.3300000;173.6900000;41967040
GAZP;D;20200910;0;173.8000000;174.6400000;171.1100000;173.8000000;34012170
GAZP;D;20200911;0;174.3300000;178.2700000;173.1000000;178.0500000;36889720
GAZP;D;20200914;0;178.4500000;180.8000000;177.5200000;178.1900000;37563920
GAZP;D;20200915;0;178.1300000;182.9500000;178.0100000;182.2200000;42445100
GAZP;D;20200916;0;182.6900000;184.1600000;181.3500000;183.2600000;37370250
GAZP;D;20200917;0;181.7800000;184.8400000;180.3400000;183.9000000;49663210
GAZP;D;20200918;0;184.4000000;184.7000000;181.3400000;181.5200000;45215700
GAZP;D;20200921;0;181.3600000;181.3600000;175.3600000;177.1700000;41282960
GAZP;D;20200922;0;176.5800000;180.9000000;176.4200000;179.0000000;36380350
GAZP;D;20200923;0;179.8100000;180.3700000;176.8100000;177.0000000;31848780
GAZP;D;20200924;0;176.0000000;178.4900000;171.9000000;174.2300000;49687540
GAZP;D;20200925;0;175.1200000;175.1700000;169.6000000;173.7700000;96284070
GAZP;D;20200928;0;174.2400000;175.3800000;171.2900000;172.7400000;50397970
GAZP;D;20200929;0;172.7600000;173.4700000;170.0000000;171.4400000;48779600
GAZP;D;20200930;0;171.0200000;171.9800000;169.8000000;169.9700000;48605100
GAZP;D;20201001;0;171.1800000;171.4000000;167.9700000;168.4000000;60296370
GAZP;D;20201002;0;167.5000000;169.9500000;167.2200000;169.4700000;40191130
GAZP;D;20201005;0;170.1200000;170.8800000;168.5800000;170.6400000;37393020
GAZP;D;20201006;0;170.7000000;173.4100000;170.5000000;171.3500000;64082980
GAZP;D;20201007;0;171.7500000;172.2600000;167.0400000;168.2300000;65800100
GAZP;D;20201008;0;168.1800000;168.8600000;166.1500000;167.4300000;36621350
GAZP;D;20201009;0;167.8000000;168.1900000;165.7700000;166.9700000;41514910
GAZP;D;20201012;0;167.6600000;169.8000000;166.8700000;169.0500000;38899590
GAZP;D;20201013;0;169.1300000;169.4700000;165.8200000;166.3700000;34687990
GAZP;D;20201014;0;166.6100000;167.6300000;165.7100000;167.2400000;26679740
GAZP;D;20201015;0;166.8500000;168.8500000;166.0000000;167.1600000;39889410
GAZP;D;20201016;0;167.2200000;167.2500000;163.5600000;163.9800000;50402810
GAZP;D;20201019;0;164.7600000;165.6000000;163.0000000;163.6000000;33916860
GAZP;D;20201020;0;163.7400000;167.1200000;162.8000000;166.5300000;50468030
GAZP;D;20201021;0;166.8000000;167.3000000;163.8700000;164.3700000;36678920
GAZP;D;20201022;0;163.8500000;166.5300000;163.6600000;165.2700000;39939480
GAZP;D;20201023;0;165.1500000;165.8800000;164.3900000;164.9600000;32909950
GAZP;D;20201026;0;164.4400000;164.9600000;161.1000000;162.1700000;53436340
GAZP;D;20201027;0;162.1800000;162.6200000;158.2100000;159.2100000;58268970
GAZP;D;20201028;0;158.9800000;158.9900000;153.7000000;154.3000000;86858100
GAZP;D;20201029;0;155.0800000;157.3000000;154.2000000;156.7400000;52752800
GAZP;D;20201030;0;155.0900000;156.2000000;154.0800000;154.2800000;42661020
GAZP;D;20201102;0;153.9600000;157.9800000;151.9000000;157.7400000;69600850
GAZP;D;20201103;0;158.2100000;161.9200000;157.4400000;161.0900000;71067000
GAZP;D;20201105;0;163.8100000;165.2500000;161.9900000;163.7000000;73016160
GAZP;D;20201106;0;163.0000000;165.8400000;161.5200000;164.9200000;51633910
GAZP;D;20201109;0;166.7200000;171.5000000;164.9000000;170.1300000;103358560
GAZP;D;20201110;0;169.0300000;173.6400000;167.6300000;172.9200000;76531040
GAZP;D;20201111;0;173.5000000;175.1500000;170.2600000;170.5300000;72020230
GAZP;D;20201112;0;170.2000000;175.3000000;169.7500000;172.9100000;71917150
GAZP;D;20201113;0;172.8800000;181.2700000;172.4200000;180.3000000;104602920
GAZP;D;20201116;0;181.0200000;185.6200000;180.3000000;185.3200000;89217810
GAZP;D;20201117;0;185.1000000;185.3100000;178.8300000;182.9000000;99307240
GAZP;D;20201118;0;182.2600000;187.6900000;180.8000000;185.0000000;69101570
GAZP;D;20201119;0;185.2000000;185.8800000;181.9200000;184.1600000;53164780
GAZP;D;20201120;0;184.1000000;184.3600000;182.1000000;183.2100000;31836360
GAZP;D;20201123;0;183.6400000;185.6300000;182.7700000;184.1500000;41043100
GAZP;D;20201124;0;185.0300000;187.3000000;183.9700000;186.7600000;60674430
GAZP;D;20201125;0;187.0100000;188.7600000;185.8500000;188.0300000;51107720
GAZP;D;20201126;0;188.2500000;189.1000000;184.6000000;185.5200000;45706250
GAZP;D;20201127;0;185.1300000;186.7500000;182.5600000;185.9000000;49983540
GAZP;D;20201130;0;185.1000000;185.1400000;180.0400000;181.8900000;73156960
GAZP;D;20201201;0;182.6000000;188.0900000;181.7800000;185.3400000;67193810
GAZP;D;20201202;0;185.0000000;187.2400000;183.1200000;187.2200000;40191320
GAZP;D;20201203;0;186.9800000;187.5800000;184.3700000;185.1200000;35885290
GAZP;D;20201204;0;186.2000000;189.4200000;185.8500000;188.7900000;50684840
GAZP;D;20201207;0;188.2200000;192.8500000;187.8000000;190.7600000;53512780
GAZP;D;20201208;0;190.3400000;191.4500000;187.8000000;190.0000000;48382270
GAZP;D;20201209;0;190.3000000;193.0900000;189.0500000;189.3500000;52678040
GAZP;D;20201210;0;189.5500000;193.5100000;188.6700000;192.9500000;54318200
GAZP;D;20201211;0;193.0500000;201.6300000;192.3100000;201.5000000;103060380
GAZP;D;20201214;0;203.5000000;207.8500000;198.7800000;199.9100000;122788480
GAZP;D;20201215;0;199.0100000;202.2900000;197.0500000;201.0000000;65473740
GAZP;D;20201216;0;201.0100000;206.2000000;199.5400000;206.2000000;75214780
GAZP;D;20201217;0;206.7000000;215.3800000;206.5100000;214.5200000;159538150
GAZP;D;20201218;0;214.0000000;214.5000000;207.2200000;212.6900000;133717910
GAZP;D;20201221;0;209.9100000;209.9900000;200.8000000;203.4600000;123517830
GAZP;D;20201222;0;200.7400000;210.6800000;199.1900000;208.4000000;109794540
GAZP;D;20201223;0;209.0000000;212.7800000;206.2000000;207.6300000;78877050
GAZP;D;20201224;0;208.5400000;209.9600000;203.1500000;206.2400000;59081790
GAZP;D;20201225;0;206.2000000;206.7300000;204.0100000;205.0300000;16517780
GAZP;D;20201228;0;205.5300000;207.8600000;205.1500000;206.1100000;35038710
GAZP;D;20201229;0;206.9500000;210.0000000;206.6100000;208.7500000;42353620
GAZP;D;20201230;0;209.8800000;213.3800000;209.5000000;212.9800000;74667210
GAZP;D;20210104;0;212.7100000;216.6300000;211.6400000;212.7100000;55195430
GAZP;D;20210105;0;213.2000000;215.3800000;210.2200000;215.3200000;48913740
GAZP;D;20210106;0;215.4800000;216.8000000;213.0700000;214.3800000;47897590
GAZP;D;20210108;0;217.1400000;226.2400000;217.0000000;225.4900000;100717800
GAZP;D;20210111;0;225.0500000;231.0000000;221.8100000;227.6000000;112506470
GAZP;D;20210112;0;229.0000000;231.4400000;225.6600000;228.6900000;64309460
GAZP;D;20210113;0;229.2900000;230.3500000;225.2000000;226.8000000;61102300
GAZP;D;20210114;0;226.4900000;229.5700000;223.2000000;228.8600000;60003270
GAZP;D;20210115;0;227.5000000;230.7000000;226.0000000;226.5000000;54765970
GAZP;D;20210118;0;225.5500000;228.5000000;221.3400000;226.8800000;69147920
GAZP;D;20210119;0;227.6600000;228.8500000;223.0000000;223.1500000;66619900
GAZP;D;20210120;0;223.0000000;225.7800000;221.5500000;224.3000000;51248650
GAZP;D;20210121;0;224.4000000;224.9600000;217.2200000;217.2800000;76701270
GAZP;D;20210122;0;216.4500000;216.5000000;210.5000000;215.4900000;94721320
GAZP;D;20210125;0;216.9000000;219.6600000;214.5300000;218.6800000;74456540
GAZP;D;20210126;0;216.8000000;220.2900000;215.7100000;218.8000000;45114650
GAZP;D;20210127;0;219.4900000;222.0000000;216.4400000;217.4000000;59271760
GAZP;D;20210128;0;215.9100000;219.4900000;214.2600000;217.7000000;52341000
GAZP;D;20210129;0;216.7500000;216.7500000;212.4700000;212.8300000;66744580
GAZP;D;20210201;0;214.6100000;214.8700000;212.2400000;214.6600000;39314420
GAZP;D;20210202;0;215.5000000;219.7400000;213.2500000;214.4200000;77924880
GAZP;D;20210203;0;215.4100000;218.4200000;213.7900000;218.1000000;45974890
GAZP;D;20210204;0;218.7100000;221.4000000;216.8800000;219.7900000;47881150
GAZP;D;20210205;0;220.6800000;222.2100000;219.0000000;222.0100000;42127830
GAZP;D;20210208;0;223.0600000;228.0000000;223.0000000;228.0000000;67144040
GAZP;D;20210209;0;229.0000000;229.4900000;225.8000000;227.7300000;60518190
GAZP;D;20210210;0;227.9800000;228.2900000;221.8000000;223.2400000;41883700
GAZP;D;20210211;0;223.4500000;223.6700000;220.7300000;221.3500000;34480880
GAZP;D;20210212;0;220.7800000;227.4700000;216.7700000;226.7100000;69179250
GAZP;D;20210215;0;228.4900000;230.0000000;226.7000000;229.2200000;59793600
GAZP;D;20210216;0;229.9500000;233.2200000;227.5700000;232.4600000;85667580
GAZP;D;20210217;0;232.3200000;233.3500000;225.3300000;229.1400000;64532970
GAZP;D;20210218;0;228.9800000;228.9800000;224.0100000;224.4700000;43762150
GAZP;D;20210219;0;224.0200000;226.2600000;221.1000000;226.0000000;44854360
GAZP;D;20210220;0;226.3500000;227.1000000;225.0000000;225.8400000;6053880
GAZP;D;20210222;0;226.4900000;227.3000000;223.0400000;225.6300000;31412770
GAZP;D;20210224;0;224.4200000;225.6400000;220.8500000;222.5500000;40792480
GAZP;D;20210225;0;223.4700000;225.5000000;221.2200000;221.7000000;42722110
GAZP;D;20210226;0;220.5600000;221.6800000;217.2000000;217.5600000;63735100
GAZP;D;20210301;0;219.3400000;222.0100000;218.2500000;221.4700000;28373590
GAZP;D;20210302;0;220.0000000;224.1100000;219.7600000;222.7400000;34140160
GAZP;D;20210303;0;224.2000000;226.7900000;221.7000000;222.1500000;33225100
GAZP;D;20210304;0;221.8800000;226.6900000;219.5000000;221.1400000;46417010
GAZP;D;20210305;0;222.0500000;228.4200000;220.0200000;227.0000000;55786000
GAZP;D;20210309;0;227.5100000;233.0700000;226.0500000;232.1000000;73759850
GAZP;D;20210310;0;231.8300000;235.5000000;230.6600000;231.6900000;55372950
GAZP;D;20210311;0;232.8300000;233.5300000;230.0700000;232.4700000;32131810
GAZP;D;20210312;0;232.0100000;234.3900000;230.6000000;233.8000000;28819550
GAZP;D;20210315;0;234.9800000;238.0900000;234.4600000;237.7900000;46121290
GAZP;D;20210316;0;237.3000000;238.2300000;233.8000000;234.0200000;38029020
GAZP;D;20210317;0;234.0000000;234.5600000;227.2100000;229.9000000;62072590
GAZP;D;20210318;0;230.0500000;231.7900000;223.7000000;224.3500000;67581990
GAZP;D;20210319;0;223.0500000;226.6400000;222.3700000;225.4000000;58484100
GAZP;D;20210322;0;225.1400000;225.3400000;220.7900000;221.8800000;58491290
GAZP;D;20210323;0;221.3500000;224.4400000;219.8100000;221.6200000;43094210
GAZP;D;20210324;0;222.3900000;225.4500000;220.5300000;223.6500000;36700010
GAZP;D;20210325;0;224.2000000;225.3800000;222.7000000;224.8400000;29735720
GAZP;D;20210326;0;225.7400000;227.6000000;225.1300000;227.3000000;26672930
GAZP;D;20210329;0;226.7900000;229.1500000;226.3100000;228.7400000;23752090
GAZP;D;20210330;0;228.9500000;230.1000000;225.0400000;225.9300000;26818410
GAZP;D;20210331;0;226.4000000;228.4000000;223.3200000;227.2400000;38847380
GAZP;D;20210401;0;228.4300000;231.6700000;225.7500000;226.9400000;43823600
GAZP;D;20210402;0;227.0000000;229.2000000;226.5400000;228.4000000;12621010
GAZP;D;20210405;0;227.9000000;227.9200000;224.1300000;225.0600000;23919530
GAZP;D;20210406;0;226.0100000;226.5500000;221.9100000;222.9500000;36223380
GAZP;D;20210407;0;222.3100000;226.0100000;220.6800000;224.5100000;29483660
GAZP;D;20210408;0;224.8400000;226.3000000;222.8800000;224.3000000;19420190
GAZP;D;20210409;0;224.1700000;224.3000000;221.4800000;222.1500000;20902100
GAZP;D;20210412;0;220.9500000;224.2500000;219.6000000;222.8700000;29206290
GAZP;D;20210413;0;223.0200000;228.3300000;221.1000000;227.9900000;39063400
GAZP;D;20210414;0;230.5800000;236.5800000;229.3100000;235.3200000;91895500
GAZP;D;20210415;0;230.1000000;236.3900000;228.2300000;234.6300000;62531120
GAZP;D;20210416;0;235.4900000;237.4500000;232.7000000;235.1000000;46181390
GAZP;D;20210419;0;234.7400000;234.9000000;230.2800000;231.1700000;39712830
GAZP;D;20210420;0;231.5800000;233.1700000;229.0000000;230.0000000;43916060
GAZP;D;20210421;0;229.9300000;231.8000000;228.3700000;230.8400000;35493950
GAZP;D;20210422;0;230.6800000;232.1500000;227.1400000;230.9300000;60338620
GAZP;D;20210423;0;231.3000000;233.3000000;230.0000000;232.6200000;35447230
GAZP;D;20210426;0;233.0200000;234.9100000;232.1600000;233.2300000;28695180
GAZP;D;20210427;0;233.5000000;235.1400000;231.2100000;232.0000000;29275690
GAZP;D;20210428;0;232.5500000;233.2400000;230.2000000;232.9600000;37443310
GAZP;D;20210429;0;234.0800000;236.1800000;229.0000000;230.5100000;55599370
GAZP;D;20210430;0;230.1100000;231.6000000;228.8600000;231.3800000;32069550
GAZP;D;20210504;0;232.2000000;234.3000000;230.9600000;233.8000000;37916850
GAZP;D;20210505;0;234.2100000;237.7700000;233.6900000;237.5000000;38141220
GAZP;D;20210506;0;237.9000000;243.3200000;237.7500000;243.0000000;50375470
GAZP;D;20210507;0;243.4900000;243.9900000;240.7800000;241.7000000;37128000
GAZP;D;20210510;0;242.3500000;244.3000000;240.5200000;241.4100000;32389560
GAZP;D;20210511;0;240.2000000;243.1700000;239.0500000;242.5000000;35809800
GAZP;D;20210512;0;242.1100000;244.4200000;241.5600000;241.7900000;33270270
GAZP;D;20210513;0;242.2500000;247.2900000;242.0500000;247.1600000;64157170
GAZP;D;20210514;0;248.0000000;250.4000000;247.5300000;249.5500000;50267520
GAZP;D;20210517;0;250.0000000;255.2500000;249.4500000;255.1500000;41074310
GAZP;D;20210518;0;256.1100000;268.3800000;254.5400000;266.2200000;86151870
GAZP;D;20210519;0;263.9000000;264.5000000;256.0000000;260.9000000;93197170
GAZP;D;20210520;0;260.8000000;262.7800000;256.9000000;259.1600000;46502970
GAZP;D;20210521;0;260.0400000;260.7000000;257.1200000;258.0000000;29037660
GAZP;D;20210524;0;258.6900000;261.4700000;257.1200000;261.2400000;24616020
GAZP;D;20210525;0;262.3300000;262.7200000;258.3100000;259.7900000;30568090
GAZP;D;20210526;0;260.5200000;263.3300000;260.0100000;263.0900000;34571110
GAZP;D;20210527;0;261.9800000;263.7500000;261.2200000;262.9600000;57534350
GAZP;D;20210528;0;263.7900000;265.9300000;261.3500000;262.0000000;35266300
GAZP;D;20210531;0;261.0000000;261.6000000;259.3000000;261.0300000;21367010
GAZP;D;20210601;0;261.9700000;264.7600000;261.5800000;263.8600000;32746740
GAZP;D;20210602;0;264.0500000;271.3600000;263.5500000;271.1500000;53327960
GAZP;D;20210603;0;272.3300000;274.3000000;268.2000000;272.1000000;52795050
GAZP;D;20210604;0;271.9200000;276.2200000;269.5800000;274.3000000;54381240
GAZP;D;20210607;0;274.0500000;276.7000000;273.8500000;275.6700000;34226150
GAZP;D;20210608;0;275.5000000;277.5800000;272.9100000;275.3600000;53072570
GAZP;D;20210609;0;275.9300000;276.3900000;273.7600000;275.6500000;28255880
GAZP;D;20210610;0;275.4000000;277.7700000;274.3200000;276.1000000;37243570
GAZP;D;20210611;0;276.5800000;278.0000000;274.8500000;277.0500000;26611040
GAZP;D;20210614;0;277.6200000;280.4500000;277.2200000;279.5000000;28175830
GAZP;D;20210615;0;279.9200000;280.1400000;272.6300000;272.7200000;52220420
GAZP;D;20210616;0;272.9900000;275.2300000;270.1200000;271.8000000;67245290
GAZP;D;20210617;0;270.9000000;273.8900000;269.1000000;272.5000000;43611060
GAZP;D;20210618;0;271.6100000;273.1800000;268.6500000;270.0600000;52681210
GAZP;D;20210621;0;269.7700000;272.8600000;268.0900000;272.6200000;27431480
GAZP;D;20210622;0;273.5200000;277.0000000;272.8900000;277.0000000;36914430
GAZP;D;20210623;0;277.8900000;279.5600000;276.6700000;277.3500000;33546790
GAZP;D;20210624;0;278.2000000;279.4700000;275.5000000;277.4700000;42556030
GAZP;D;20210625;0;277.8000000;277.9200000;276.1200000;277.1900000;29702030
GAZP;D;20210628;0;277.2300000;279.6100000;276.4300000;276.9900000;28083560
GAZP;D;20210629;0;276.1200000;277.5000000;273.1700000;276.8000000;37588780
GAZP;D;20210630;0;277.2800000;281.8200000;276.5000000;281.8000000;60312970
GAZP;D;20210701;0;281.8800000;286.2500000;281.8800000;285.7400000;50045350
GAZP;D;20210702;0;285.7000000;286.1900000;282.8000000;285.6500000;29285170
GAZP;D;20210705;0;286.0000000;291.4900000;285.7800000;291.1000000;34201020
GAZP;D;20210706;0;292.0000000;295.9700000;291.3400000;293.4500000;80345400
GAZP;D;20210707;0;293.8500000;297.4800000;293.4700000;297.3900000;67043710
GAZP;D;20210708;0;296.4500000;297.0000000;290.3300000;292.8600000;52704630
GAZP;D;20210709;0;293.5100000;295.5800000;292.0000000;295.2200000;40962550
GAZP;D;20210712;0;295.5300000;298.4800000;294.9000000;297.3900000;43336120
GAZP;D;20210713;0;297.7700000;297.7700000;293.0000000;293.8300000;49180620
GAZP;D;20210714;0;282.8800000;286.9300000;282.8800000;284.6000000;52516030
GAZP;D;20210715;0;284.5800000;285.1100000;278.9600000;280.0100000;41716630
GAZP;D;20210716;0;279.3800000;282.0000000;278.0000000;279.6500000;27958640
GAZP;D;20210719;0;277.2600000;279.5100000;273.1500000;275.5100000;42536580
GAZP;D;20210720;0;276.7900000;278.6800000;273.1000000;277.3000000;31024530
GAZP;D;20210721;0;277.5400000;285.0100000;276.0000000;282.9000000;41055170
GAZP;D;20210722;0;283.5000000;285.0900000;281.2100000;283.2800000;40212130
GAZP;D;20210723;0;283.0800000;285.0000000;279.0500000;279.5100000;38260370
GAZP;D;20210726;0;277.3700000;281.3700000;276.7000000;281.0500000;27353690
GAZP;D;20210727;0;280.1900000;280.8300000;276.8400000;278.0800000;28452110
GAZP;D;20210728;0;278.0500000;282.9800000;277.7000000;282.2000000;32789740
GAZP;D;20210729;0;283.9700000;287.7500000;283.5800000;287.0000000;41127080
GAZP;D;20210730;0;285.3700000;287.5800000;283.2800000;287.3500000;46696620
GAZP;D;20210802;0;287.8800000;289.4800000;285.2100000;286.7500000;38297270
GAZP;D;20210803;0;286.7700000;288.0500000;284.3400000;287.0900000;27065240
GAZP;D;20210804;0;287.8900000;288.8000000;286.0000000;287.9400000;23599750
GAZP;D;20210805;0;287.3100000;288.2800000;285.1600000;285.9500000;47254880
GAZP;D;20210806;0;285.2600000;285.7200000;277.8700000;282.2700000;90600850
GAZP;D;20210809;0;282.2300000;287.9000000;280.8000000;286.6800000;68779100
GAZP;D;20210810;0;288.0000000;288.8000000;285.7000000;288.6100000;28839550
GAZP;D;20210811;0;288.9200000;291.4900000;287.1200000;290.3500000;37928360
GAZP;D;20210812;0;290.2500000;293.8100000;290.2500000;293.2300000;37564370
GAZP;D;20210813;0;292.6500000;293.9000000;291.7500000;292.7000000;21802270
GAZP;D;20210816;0;291.4700000;295.4800000;290.9500000;295.1000000;32273890
GAZP;D;20210817;0;295.1300000;299.5000000;290.3200000;298.3200000;50482060
GAZP;D;20210818;0;299.0000000;299.9500000;295.0000000;295.0500000;35531240
GAZP;D;20210819;0;293.4900000;294.7200000;289.6800000;293.6800000;55911470
GAZP;D;20210820;0;293.7900000;294.9000000;289.5000000;292.5700000;38594640
GAZP;D;20210823;0;294.7000000;297.9400000;294.1000000;297.6900000;38038340
GAZP;D;20210824;0;299.0000000;301.0000000;295.9500000;298.7000000;48940480
GAZP;D;20210825;0;298.7100000;299.2000000;294.3700000;296.7000000;30906470
GAZP;D;20210826;0;295.9200000;295.9700000;293.0400000;294.3400000;24990510
GAZP;D;20210827;0;295.8100000;300.0000000;294.8100000;299.6600000;34063060
GAZP;D;20210830;0;301.6600000;305.5000000;299.9700000;305.1700000;69849150
GAZP;D;20210831;0;305.8300000;307.6700000;304.1000000;305.6500000;64318080
GAZP;D;20210901;0;306.6000000;313.9500000;306.1900000;312.8900000;79410570
GAZP;D;20210902;0;313.5900000;314.8000000;310.3000000;312.3000000;53349820
GAZP;D;20210903;0;312.7000000;317.9600000;311.1600000;317.9400000;63637790
GAZP;D;20210906;0;319.0000000;329.3500000;318.6000000;328.9300000;80141350
GAZP;D;20210907;0;329.9500000;333.0000000;325.5000000;327.7300000;71864800
GAZP;D;20210908;0;328.4900000;328.5000000;322.2200000;327.6000000;58765620
GAZP;D;20210909;0;326.0000000;328.1400000;323.5000000;324.5700000;40361580
GAZP;D;20210910;0;326.5500000;330.0000000;325.5000000;326.4300000;41425440
GAZP;D;20210913;0;327.5200000;333.0000000;327.3000000;332.7500000;55356420
GAZP;D;20210914;0;333.1300000;339.9200000;332.3600000;338.9800000;97138220
GAZP;D;20210915;0;339.3900000;344.2000000;337.7200000;343.3400000;108811990
GAZP;D;20210916;0;342.0000000;342.9900000;337.0300000;338.5000000;94713520
GAZP;D;20210917;0;338.8300000;339.2900000;333.3000000;334.5000000;61454980
GAZP;D;20210920;0;329.9700000;332.0000000;321.2600000;325.7000000;72882270
GAZP;D;20210921;0;328.7000000;336.7800000;328.4400000;335.3000000;77355030
GAZP;D;20210922;0;338.4000000;341.4900000;337.4000000;340.5900000;60974110
GAZP;D;20210923;0;342.0000000;345.2000000;339.4300000;343.4700000;63445330
GAZP;D;20210924;0;343.6700000;344.9000000;340.0000000;344.2900000;40071320
GAZP;D;20210927;0;347.5200000;355.1900000;347.0000000;355.1900000;80950780
GAZP;D;20210928;0;359.0000000;361.8000000;353.6800000;354.0700000;93838880
GAZP;D;20210929;0;354.0500000;360.9400000;352.3000000;360.8800000;60144670
GAZP;D;20210930;0;363.2600000;364.5300000;359.5300000;360.8000000;69876200
GAZP;D;20211001;0;358.4500000;363.7800000;356.0000000;363.2500000;47529090
GAZP;D;20211004;0;364.6700000;378.3300000;364.3000000;376.0600000;102227330
GAZP;D;20211005;0;378.0600000;389.8200000;378.0300000;389.8200000;134521820
GAZP;D;20211006;0;394.9800000;397.6400000;370.2500000;381.3000000;216137070
GAZP;D;20211007;0;382.1800000;384.3000000;361.6100000;370.7000000;160398770
GAZP;D;20211008;0;371.5000000;373.0000000;364.7700000;366.1700000;70161810
GAZP;D;20211011;0;369.0000000;372.6100000;363.7000000;369.8100000;77995010
GAZP;D;20211012;0;367.2600000;368.8500000;362.2500000;364.1000000;56619460
GAZP;D;20211013;0;365.2400000;365.4400000;352.7100000;362.7700000;102086460
GAZP;D;20211014;0;366.4000000;369.7000000;364.3500000;367.0000000;59659170
GAZP;D;20211015;0;368.3100000;369.3500000;366.6100000;367.7600000;35816900
GAZP;D;20211018;0;365.0100000;366.4500000;360.1500000;363.5000000;42945850
GAZP;D;20211019;0;364.9800000;368.8300000;362.2400000;368.8300000;51429080
GAZP;D;20211020;0;367.9000000;370.7500000;365.5000000;369.9700000;39435100
GAZP;D;20211021;0;368.0000000;370.1900000;360.8800000;363.3700000;46351220
GAZP;D;20211022;0;361.3800000;364.1900000;357.4800000;358.1200000;48056440
GAZP;D;20211025;0;359.9900000;365.8400000;356.6900000;364.8400000;57268410
GAZP;D;20211026;0;365.0400000;369.3300000;362.5400000;364.8200000;51713180
GAZP;D;20211027;0;363.2700000;365.4900000;361.1800000;362.1700000;30579360
GAZP;D;20211028;0;360.9600000;362.0200000;351.6200000;353.2100000;86476220
GAZP;D;20211029;0;351.1000000;352.6000000;345.4000000;350.1800000;74862900
GAZP;D;20211101;0;350.3000000;359.3000000;350.3000000;359.1000000;46460760
GAZP;D;20211102;0;359.1600000;360.0000000;351.2400000;352.4800000;42925940
GAZP;D;20211103;0;350.5500000;353.8600000;346.6200000;353.0200000;37782790
GAZP;D;20211105;0;352.0000000;354.8000000;349.2300000;350.6000000;25553970
GAZP;D;20211108;0;353.0000000;356.3400000;348.3400000;351.4700000;39731410
GAZP;D;20211109;0;351.0600000;353.6100000;346.9900000;349.4600000;31015520
GAZP;D;20211110;0;349.8700000;351.2500000;344.2000000;345.8000000;35456770
GAZP;D;20211111;0;346.9400000;348.4300000;343.8000000;347.4400000;40212180
GAZP;D;20211112;0;346.8400000;347.1500000;331.0000000;333.6000000;127163510
GAZP;D;20211115;0;333.8100000;341.8100000;333.6700000;340.3000000;64140420
GAZP;D;20211116;0;341.4800000;342.8500000;331.6100000;336.7900000;64616650
GAZP;D;20211117;0;336.0000000;351.8200000;334.8300000;349.9800000;79007960
GAZP;D;20211118;0;350.0500000;359.3200000;342.2800000;345.5600000;101979450
GAZP;D;20211119;0;348.2700000;350.7300000;334.2000000;337.6200000;95994240
